playerID,yearID,gameNum,gameID,teamID,lgID,GP,startingPos
pujolal01,2001,0,ALS200107100,SLN,NL,1,
blaloha01,2003,0,ALS200307150,TEX,AL,1,
sabatcc01,2003,0,ALS200307150,CLE,AL,0,
pujolal01,2003,0,ALS200307150,SLN,NL,1,7
priorma01,2003,0,ALS200307150,CHN,NL,0,
willido03,2003,0,ALS200307150,FLO,NL,0,
blaloha01,2004,0,NLS200407130,TEX,AL,1,
crawfca02,2004,0,NLS200407130,TBA,AL,1,
rodrifr03,2004,0,NLS200407130,ANA,AL,1,
sabatcc01,2004,0,NLS200407130,CLE,AL,1,
pujolal01,2004,0,NLS200407130,SLN,NL,1,3
cabremi01,2004,0,NLS200407130,FLO,NL,1,
zambrca01,2004,0,NLS200407130,CHN,NL,1,
teixema01,2005,0,ALS200507120,TEX,AL,1,3
pujolal01,2005,0,ALS200507120,SLN,NL,1,10
cabremi01,2005,0,ALS200507120,FLO,NL,1,
cordech01,2005,0,ALS200507120,WAS,NL,1,
izturce01,2005,0,ALS200507120,LAN,NL,0,
lopezfe01,2005,0,ALS200507120,CIN,NL,1,
peavyja01,2005,0,ALS200507120,SDN,NL,1,
willido03,2005,0,ALS200507120,FLO,NL,1,
canoro01,2006,0,NLS200607110,NYA,AL,0,
jenksbo01,2006,0,NLS200607110,CHA,AL,0,
kazmisc01,2006,0,NLS200607110,TBA,AL,1,
liriafr01,2006,0,NLS200607110,MIN,AL,0,
lopezjo01,2006,0,NLS200607110,SEA,AL,1,
mauerjo01,2006,0,NLS200607110,MIN,AL,1,
papeljo01,2006,0,NLS200607110,BOS,AL,0,
riosal01,2006,0,NLS200607110,TOR,AL,0,
sizemgr01,2006,0,NLS200607110,CLE,AL,1,
pujolal01,2006,0,NLS200607110,SLN,NL,1,3
wrighda03,2006,0,NLS200607110,NYN,NL,1,5
cabremi01,2006,0,NLS200607110,FLO,NL,1,
hollima01,2006,0,NLS200607110,COL,NL,1,
mccanbr01,2006,0,NLS200607110,ATL,NL,1,
reyesjo01,2006,0,NLS200607110,NYN,NL,0,
ugglada01,2006,0,NLS200607110,FLO,NL,0,
zambrca01,2006,0,NLS200607110,CHN,NL,0,
harenda01,2007,0,NLS200707100,OAK,AL,1,1
beckejo02,2007,0,NLS200707100,BOS,AL,1,
crawfca02,2007,0,NLS200707100,TBA,AL,1,
jenksbo01,2007,0,NLS200707100,CHA,AL,0,
morneju01,2007,0,NLS200707100,MIN,AL,1,
papeljo01,2007,0,NLS200707100,BOS,AL,1,
riosal01,2007,0,NLS200707100,TOR,AL,1,
rodrifr03,2007,0,NLS200707100,LAA,AL,1,
sabatcc01,2007,0,NLS200707100,CLE,AL,1,
sizemgr01,2007,0,NLS200707100,CLE,AL,1,
verlaju01,2007,0,NLS200707100,DET,AL,1,
peavyja01,2007,0,NLS200707100,SDN,NL,1,1
martiru01,2007,0,NLS200707100,LAN,NL,1,2
fieldpr01,2007,0,NLS200707100,MIL,NL,1,3
wrighda03,2007,0,NLS200707100,NYN,NL,1,5
reyesjo01,2007,0,NLS200707100,NYN,NL,1,6
cabremi01,2007,0,NLS200707100,FLO,NL,1,
hamelco01,2007,0,NLS200707100,PHI,NL,1,
hardyjj01,2007,0,NLS200707100,MIL,NL,1,
hollima01,2007,0,NLS200707100,COL,NL,1,
mccanbr01,2007,0,NLS200707100,ATL,NL,1,
pujolal01,2007,0,NLS200707100,SLN,NL,0,
mauerjo01,2008,0,ALS200807150,MIN,AL,1,2
pedrodu01,2008,0,ALS200807150,BOS,AL,1,4
hamiljo03,2008,0,ALS200807150,TEX,AL,1,8
kazmisc01,2008,0,ALS200807150,TBA,AL,1,
kinslia01,2008,0,ALS200807150,TEX,AL,1,
longoev01,2008,0,ALS200807150,TBA,AL,1,
morneju01,2008,0,ALS200807150,MIN,AL,1,
navardi01,2008,0,ALS200807150,TBA,AL,1,
papeljo01,2008,0,ALS200807150,BOS,AL,1,
quentca01,2008,0,ALS200807150,CHA,AL,1,
rodrifr03,2008,0,ALS200807150,LAA,AL,1,
santaer01,2008,0,ALS200807150,LAA,AL,1,
saundjo01,2008,0,ALS200807150,LAA,AL,1,
sizemgr01,2008,0,ALS200807150,CLE,AL,1,
soriajo01,2008,0,ALS200807150,KCA,AL,1,
sotoge01,2008,0,ALS200807150,CHN,NL,1,2
ramirha01,2008,0,ALS200807150,FLO,NL,1,6
braunry02,2008,0,ALS200807150,MIL,NL,1,7
hollima01,2008,0,ALS200807150,COL,NL,1,9
pujolal01,2008,0,ALS200807150,SLN,NL,1,10
gonzaad01,2008,0,ALS200807150,SDN,NL,1,
harenda01,2008,0,ALS200807150,ARI,NL,1,
hartco01,2008,0,ALS200807150,MIL,NL,1,
linceti01,2008,0,ALS200807150,SFN,NL,0,
marmoca01,2008,0,ALS200807150,CHN,NL,1,
martiru01,2008,0,ALS200807150,LAN,NL,1,
mccanbr01,2008,0,ALS200807150,ATL,NL,1,
mclouna01,2008,0,ALS200807150,PIT,NL,1,
ugglada01,2008,0,ALS200807150,FLO,NL,1,
volqued01,2008,0,ALS200807150,CIN,NL,1,
wilsobr01,2008,0,ALS200807150,SFN,NL,1,
wrighda03,2008,0,ALS200807150,NYN,NL,1,
zambrca01,2008,0,ALS200807150,CHN,NL,1,
mauerjo01,2009,0,NLS200907140,MIN,AL,1,2
teixema01,2009,0,NLS200907140,NYA,AL,1,3
hillaa01,2009,0,NLS200907140,TOR,AL,1,4
hamiljo03,2009,0,NLS200907140,TEX,AL,1,8
bailean01,2009,0,NLS200907140,OAK,AL,0,
beckejo02,2009,0,NLS200907140,BOS,AL,0,
crawfca02,2009,0,NLS200907140,TBA,AL,1,
cruzne02,2009,0,NLS200907140,TEX,AL,0,
grandcu01,2009,0,NLS200907140,DET,AL,1,
greinza01,2009,0,NLS200907140,KCA,AL,1,
hernafe02,2009,0,NLS200907140,SEA,AL,1,
jacksed01,2009,0,NLS200907140,DET,AL,1,
jonesad01,2009,0,NLS200907140,BAL,AL,1,
longoev01,2009,0,NLS200907140,TBA,AL,0,
morneju01,2009,0,NLS200907140,MIN,AL,1,
papeljo01,2009,0,NLS200907140,BOS,AL,1,
pedrodu01,2009,0,NLS200907140,BOS,AL,0,
verlaju01,2009,0,NLS200907140,DET,AL,0,
zobribe01,2009,0,NLS200907140,TBA,AL,1,
linceti01,2009,0,NLS200907140,SFN,NL,1,1
molinya01,2009,0,NLS200907140,SLN,NL,1,2
pujolal01,2009,0,NLS200907140,SLN,NL,1,3
wrighda03,2009,0,NLS200907140,NYN,NL,1,5
ramirha01,2009,0,NLS200907140,FLO,NL,1,6
victosh01,2009,0,NLS200907140,PHI,NL,1,8
braunry02,2009,0,NLS200907140,MIL,NL,1,9
billich01,2009,0,NLS200907140,LAN,NL,1,
broxtjo01,2009,0,NLS200907140,LAN,NL,0,
cainma01,2009,0,NLS200907140,SFN,NL,0,
dukeza01,2009,0,NLS200907140,PIT,NL,0,
fieldpr01,2009,0,NLS200907140,MIL,NL,1,
gonzaad01,2009,0,NLS200907140,SDN,NL,1,
harenda01,2009,0,NLS200907140,ARI,NL,1,
johnsjo09,2009,0,NLS200907140,FLO,NL,0,
mccanbr01,2009,0,NLS200907140,ATL,NL,1,
pencehu01,2009,0,NLS200907140,HOU,NL,0,
rodrifr03,2009,0,NLS200907140,NYN,NL,1,
uptonju01,2009,0,NLS200907140,ARI,NL,1,
zimmery01,2009,0,NLS200907140,WAS,NL,1,
priceda01,2010,0,ALS201007130,TBA,AL,1,1
mauerjo01,2010,0,ALS201007130,MIN,AL,1,2
cabremi01,2010,0,ALS201007130,DET,AL,1,3
canoro01,2010,0,ALS201007130,NYA,AL,1,4
longoev01,2010,0,ALS201007130,TBA,AL,1,5
crawfca02,2010,0,ALS201007130,TBA,AL,1,7
hamiljo03,2010,0,ALS201007130,TEX,AL,1,8
andruel01,2010,0,ALS201007130,TEX,AL,1,
bailean01,2010,0,ALS201007130,OAK,AL,1,
bautijo02,2010,0,ALS201007130,TOR,AL,1,
buchhcl01,2010,0,ALS201007130,BOS,AL,0,
buckjo01,2010,0,ALS201007130,TOR,AL,1,
cahiltr01,2010,0,ALS201007130,OAK,AL,0,
carmofa01,2010,0,ALS201007130,CLE,AL,0,
felizne01,2010,0,ALS201007130,TEX,AL,0,
hugheph01,2010,0,ALS201007130,NYA,AL,1,
kinslia01,2010,0,ALS201007130,TEX,AL,1,
lestejo01,2010,0,ALS201007130,BOS,AL,1,
morneju01,2010,0,ALS201007130,MIN,AL,0,
pedrodu01,2010,0,ALS201007130,BOS,AL,0,
sabatcc01,2010,0,ALS201007130,NYA,AL,0,
soriajo01,2010,0,ALS201007130,KCA,AL,0,
swishni01,2010,0,ALS201007130,NYA,AL,1,
verlaju01,2010,0,ALS201007130,DET,AL,1,
weaveje02,2010,0,ALS201007130,LAA,AL,0,
jimenub01,2010,0,ALS201007130,COL,NL,1,1
molinya01,2010,0,ALS201007130,SLN,NL,1,2
pujolal01,2010,0,ALS201007130,SLN,NL,1,3
pradoma01,2010,0,ALS201007130,ATL,NL,1,4
wrighda03,2010,0,ALS201007130,NYN,NL,1,5
ramirha01,2010,0,ALS201007130,FLO,NL,1,6
braunry02,2010,0,ALS201007130,MIL,NL,1,7
ethiean01,2010,0,ALS201007130,LAN,NL,1,8
hartco01,2010,0,ALS201007130,MIL,NL,1,9
bournmi01,2010,0,ALS201007130,HOU,NL,1,
broxtjo01,2010,0,ALS201007130,LAN,NL,1,
cappsma01,2010,0,ALS201007130,WAS,NL,1,
gallayo01,2010,0,ALS201007130,MIL,NL,0,
gonzaad01,2010,0,ALS201007130,SDN,NL,1,
heywaja01,2010,0,ALS201007130,ATL,NL,0,
hollima01,2010,0,ALS201007130,SLN,NL,1,
infanom01,2010,0,ALS201007130,ATL,NL,0,
johnsjo09,2010,0,ALS201007130,FLO,NL,1,
kuoho01,2010,0,ALS201007130,LAN,NL,1,
linceti01,2010,0,ALS201007130,SFN,NL,0,
mccanbr01,2010,0,ALS201007130,ATL,NL,1,
meekev01,2010,0,ALS201007130,PIT,NL,0,
phillbr01,2010,0,ALS201007130,CIN,NL,1,
reyesjo01,2010,0,ALS201007130,NYN,NL,0,
tulowtr01,2010,0,ALS201007130,COL,NL,0,
vottojo01,2010,0,ALS201007130,CIN,NL,1,
wainwad01,2010,0,ALS201007130,SLN,NL,1,
wilsobr01,2010,0,ALS201007130,SFN,NL,1,
youngch04,2010,0,ALS201007130,ARI,NL,1,
weaveje02,2011,0,NLS201107120,DET,AL,1,1
avilaal01,2011,0,NLS201107120,DET,AL,1,2
gonzaad01,2011,0,NLS201107120,BOS,AL,1,3
canoro01,2011,0,NLS201107120,NYA,AL,1,4
cabreas01,2011,0,NLS201107120,CLE,AL,1,6
hamiljo03,2011,0,NLS201107120,TEX,AL,1,7
grandcu01,2011,0,NLS201107120,NYA,AL,1,8
bautijo02,2011,0,NLS201107120,TOR,AL,1,9
beckejo02,2011,0,NLS201107120,BOS,AL,0,
cabremi01,2011,0,NLS201107120,DET,AL,1,
crowaa01,2011,0,NLS201107120,KCA,AL,0,
ellsbja01,2011,0,NLS201107120,BIS,AL,1,
gonzagi01,2011,0,NLS201107120,OAK,AL,1,
hernafe02,2011,0,NLS201107120,SEA,AL,0,
joycema01,2011,0,NLS201107120,TBA,AL,1,
kendrho01,2011,0,NLS201107120,LAA,AL,1,
leagubr01,2011,0,NLS201107120,SEA,AL,1,
lestejo01,2011,0,NLS201107120,BOS,AL,0,
martiru01,2011,0,NLS201107120,NYA,AL,0,
ogandal01,2011,0,NLS201107120,TEX,AL,1,
peraljh01,2011,0,NLS201107120,DET,AL,1,
perezch01,2011,0,NLS201107120,CLE,AL,1,
pinedmi01,2011,0,NLS201107120,SEA,AL,1,
priceda01,2011,0,NLS201107120,TBA,AL,0,
quentca01,2011,0,NLS201107120,CHA,AL,1,
roberda08,2011,0,NLS201107120,NYA,AL,1,
romerri01,2011,0,NLS201107120,TOR,AL,0,
sabatcc01,2011,0,NLS201107120,NYA,AL,0,
shielja02,2011,0,NLS201107120,TBA,AL,0,
verlaju01,2011,0,NLS201107120,DET,AL,0,
waldejo01,2011,0,NLS201107120,LAA,AL,1,
wietema01,2011,0,NLS201107120,BAL,AL,1,
wilsocj01,2011,0,NLS201107120,TEX,AL,1,
mccanbr01,2011,0,NLS201107120,ATL,NL,1,2
fieldpr01,2011,0,NLS201107120,MIL,NL,1,3
weeksri01,2011,0,NLS201107120,MIL,NL,1,4
tulowtr01,2011,0,NLS201107120,COL,NL,1,6
hollima01,2011,0,NLS201107120,SLN,NL,1,7
kempma01,2011,0,NLS201107120,LAN,NL,1,8
braunry02,2011,0,NLS201107120,MIL,NL,0,
bruceja01,2011,0,NLS201107120,CIN,NL,1,
cainma01,2011,0,NLS201107120,SFN,NL,0,
castrst01,2011,0,NLS201107120,CHN,NL,1,
clippty01,2011,0,NLS201107120,WAS,NL,1,
correke01,2011,0,NLS201107120,PIT,NL,0,
ethiean01,2011,0,NLS201107120,LAN,NL,1,
hamelco01,2011,0,NLS201107120,PHI,NL,0,
hanrajo01,2011,0,NLS201107120,PIT,NL,1,
jurrjja01,2011,0,NLS201107120,ATL,NL,1,
kershcl01,2011,0,NLS201107120,LAN,NL,1,
kimbrcr01,2011,0,NLS201107120,ATL,NL,1,
linceti01,2011,0,NLS201107120,SFN,NL,0,
mccutan01,2011,0,NLS201107120,PIT,NL,1,
molinya01,2011,0,NLS201107120,SLN,NL,1,
montemi01,2011,0,NLS201107120,ARI,NL,1,
pencehu01,2011,0,NLS201107120,HOU,NL,1,
phillbr01,2011,0,NLS201107120,CIN,NL,1,
reyesjo01,2011,0,NLS201107120,NYN,NL,0,
sanchga01,2011,0,NLS201107120,FLO,NL,1,
sandopa01,2011,0,NLS201107120,SFN,NL,1,
uptonju01,2011,0,NLS201107120,ARI,NL,1,
ventejo01,2011,0,NLS201107120,ARL,NL,1,
victosh01,2011,0,NLS201107120,PHI,NL,0,
vottojo01,2011,0,NLS201107120,CIN,NL,1,
wilsobr01,2011,0,NLS201107120,SFN,NL,1,
verlaju01,2012,0,ALS201207100,DET,AL,1,1
napolmi01,2012,0,ALS201207100,TEX,AL,1,2
fieldpr01,2012,0,ALS201207100,DET,AL,1,3
canoro01,2012,0,ALS201207100,NYA,AL,1,4
hamiljo03,2012,0,ALS201207100,TEX,AL,1,7
grandcu01,2012,0,ALS201207100,NYA,AL,1,8
bautijo02,2012,0,ALS201207100,TOR,AL,1,9
andruel01,2012,0,ALS201207100,TEX,AL,1,
butlebi03,2012,0,ALS201207100,KCA,AL,1,
cabreas01,2012,0,ALS201207100,CLE,AL,1,
cabremi01,2012,0,ALS201207100,DET,AL,1,
cookry01,2012,0,ALS201207100,OAK,AL,1,
darviyu01,2012,0,ALS201207100,TEX,AL,0,
harrima01,2012,0,ALS201207100,TEX,AL,1,
hernafe02,2012,0,ALS201207100,SEA,AL,0,
johnsji04,2012,0,ALS201207100,BAL,AL,1,
jonesad01,2012,0,ALS201207100,BAL,AL,1,
kinslia01,2012,0,ALS201207100,TEX,AL,1,
mauerjo01,2012,0,ALS201207100,MIN,AL,1,
peavyja01,2012,0,ALS201207100,CHA,AL,0,
perezch01,2012,0,ALS201207100,CLE,AL,0,
priceda01,2012,0,ALS201207100,TBA,AL,1,
sabatcc01,2012,0,ALS201207100,NYA,AL,0,
salech01,2012,0,ALS201207100,CHA,AL,1,
troutmi01,2012,0,ALS201207100,LAA,AL,1,
trumbma01,2012,0,ALS201207100,LAA,AL,1,
weaveje02,2012,0,ALS201207100,DET,AL,1,
wietema01,2012,0,ALS201207100,BAL,AL,1,
wilsocj01,2012,0,ALS201207100,TEX,AL,0,
gonzaca01,2012,0,ALS201207100,COL,NL,1,0
cainma01,2012,0,ALS201207100,SFN,NL,1,1
poseybu01,2012,0,ALS201207100,SFN,NL,1,2
vottojo01,2012,0,ALS201207100,CIN,NL,1,3
ugglada01,2012,0,ALS201207100,ATL,NL,1,4
sandopa01,2012,0,ALS201207100,SFN,NL,1,5
braunry02,2012,0,ALS201207100,MIL,NL,1,7
cabreme01,2012,0,ALS201207100,SFN,NL,1,8
altuvjo01,2012,0,ALS201207100,HOU,NL,1,
bournmi01,2012,0,ALS201207100,ATL,NL,1,
bruceja01,2012,0,ALS201207100,CIN,NL,1,
castrst01,2012,0,ALS201207100,CHN,NL,1,
chapmar01,2012,0,ALS201207100,CIN,NL,1,
desmoia01,2012,0,ALS201207100,WAS,NL,0,
freesda01,2012,0,ALS201207100,SLN,NL,1,
gonzagi01,2012,0,ALS201207100,WAS,NL,1,
hamelco01,2012,0,ALS201207100,PHI,NL,1,
hanrajo01,2012,0,ALS201207100,PIT,NL,1,
harpebr03,2012,0,ALS201207100,WAS,NL,1,
hollima01,2012,0,ALS201207100,SLN,NL,1,
kempma01,2012,0,ALS201207100,LAN,NL,0,
kershcl01,2012,0,ALS201207100,LAN,NL,1,
kimbrcr01,2012,0,ALS201207100,ATL,NL,1,
lahaibr01,2012,0,ALS201207100,CHN,NL,1,
lynnla01,2012,0,ALS201207100,SLN,NL,0,
mccutan01,2012,0,ALS201207100,PIT,NL,1,
mileywa01,2012,0,ALS201207100,ARI,NL,1,
molinya01,2012,0,ALS201207100,SLN,NL,0,
papeljo01,2012,0,ALS201207100,PHI,NL,1,
stantmi03,2012,0,ALS201207100,MIA,NL,0,
strasst01,2012,0,ALS201207100,WAS,NL,1,
streehu01,2012,0,ALS201207100,SDN,NL,0,
wrighda03,2012,0,ALS201207100,NYN,NL,1,
scherma01,2013,0,NLS201307160,DET,AL,1,1
mauerjo01,2013,0,NLS201307160,MIN,AL,1,2
davisch02,2013,0,NLS201307160,BAL,AL,1,3
canoro01,2013,0,NLS201307160,NYA,AL,1,4
cabremi01,2013,0,NLS201307160,DET,AL,1,5
hardyjj01,2013,0,NLS201307160,BAL,AL,1,6
troutmi01,2013,0,NLS201307160,LAA,AL,1,7
jonesad01,2013,0,NLS201307160,BAL,AL,1,8
bautijo02,2013,0,NLS201307160,TOR,AL,1,9
buchhcl01,2013,0,NLS201307160,BOS,AL,0,
castrja01,2013,0,NLS201307160,HOU,AL,0,
cecilbr01,2013,0,NLS201307160,TOR,AL,1,
crainje01,2013,0,NLS201307160,CHA,AL,0,
cruzne02,2013,0,NLS201307160,TEX,AL,1,
darviyu01,2013,0,NLS201307160,TEX,AL,0,
delabst01,2013,0,NLS201307160,TOR,AL,1,
encared01,2013,0,NLS201307160,TOR,AL,1,
fieldpr01,2013,0,NLS201307160,DET,AL,1,
gordoal01,2013,0,NLS201307160,KCA,AL,1,
hernafe02,2013,0,NLS201307160,SEA,AL,1,
hollagr01,2013,0,NLS201307160,KCA,AL,1,
iwakuhi01,2013,0,NLS201307160,SEA,AL,0,
kipnija01,2013,0,NLS201307160,CLE,AL,1,
machama01,2013,0,NLS201307160,BAL,AL,1,
masteju01,2013,0,NLS201307160,CLE,AL,0,
moorema02,2013,0,NLS201307160,TBA,AL,1,
pedrodu01,2013,0,NLS201307160,BOS,AL,1,
peraljh01,2013,0,NLS201307160,DET,AL,1,
perezsa02,2013,0,NLS201307160,KCA,AL,1,
perkigl01,2013,0,NLS201307160,MIN,AL,0,
salech01,2013,0,NLS201307160,CHA,AL,1,
tillmch01,2013,0,NLS201307160,BAL,AL,0,
verlaju01,2013,0,NLS201307160,DET,AL,0,
zobribe01,2013,0,NLS201307160,TBA,AL,0,
harvema01,2013,0,NLS201307160,NYN,NL,1,1
molinya01,2013,0,NLS201307160,SLN,NL,1,2
vottojo01,2013,0,NLS201307160,CIN,NL,1,3
phillbr01,2013,0,NLS201307160,CIN,NL,1,4
wrighda03,2013,0,NLS201307160,NYN,NL,1,5
tulowtr01,2013,0,NLS201307160,COL,NL,1,6
gonzaca01,2013,0,NLS201307160,SLN,NL,1,7
harpebr03,2013,0,NLS201307160,WAS,NL,1,8
alvarpe01,2013,0,NLS201307160,PIT,NL,1,
browndo01,2013,0,NLS201307160,PHI,NL,1,
bumgama01,2013,0,NLS201307160,SFN,NL,0,
cabreev01,2013,0,NLS201307160,SDN,NL,0,
carpema01,2013,0,NLS201307160,SLN,NL,1,
chapmar01,2013,0,NLS201307160,CIN,NL,1,
corbipa01,2013,0,NLS201307160,ARI,NL,1,
craigal01,2013,0,NLS201307160,SLN,NL,1,
fernajo02,2013,0,NLS201307160,MIA,NL,1,
freemfr01,2013,0,NLS201307160,ATL,NL,0,
goldspa01,2013,0,NLS201307160,ARI,NL,1,
gomezca01,2013,0,NLS201307160,MIL,NL,1,
kershcl01,2013,0,NLS201307160,LAN,NL,1,
kimbrcr01,2013,0,NLS201307160,ATL,NL,1,
lockeje01,2013,0,NLS201307160,PIT,NL,0,
mccanbr01,2013,0,NLS201307160,ATL,NL,0,
mccutan01,2013,0,NLS201307160,PIT,NL,1,
melanma01,2013,0,NLS201307160,PIT,NL,0,
mujiced01,2013,0,NLS201307160,SLN,NL,0,
poseybu01,2013,0,NLS201307160,SFN,NL,1,
romose01,2013,0,NLS201307160,SFN,NL,0,
segurje01,2013,0,NLS201307160,MIL,NL,1,
wainwad01,2013,0,NLS201307160,SLN,NL,0,
woodtr01,2013,0,NLS201307160,CHN,NL,0,
zimmejo02,2013,0,NLS201307160,WAS,NL,0,
cruzne02,2014,0,ALS201407150,BAL,AL,1,0
hernafe02,2014,0,ALS201407150,SEA,AL,1,1
perezsa02,2014,0,ALS201407150,KCA,AL,1,2
cabremi01,2014,0,ALS201407150,DET,AL,1,3
canoro01,2014,0,ALS201407150,SEA,AL,1,4
donaljo02,2014,0,ALS201407150,OAK,AL,1,5
troutmi01,2014,0,ALS201407150,LAA,AL,1,7
jonesad01,2014,0,ALS201407150,BAL,AL,1,8
bautijo02,2014,0,ALS201407150,TOR,AL,1,9
abreujo02,2014,0,ALS201407150,CHA,AL,1,
altuvjo01,2014,0,ALS201407150,HOU,AL,1,
aybarer01,2014,0,ALS201407150,LAA,AL,1,
betande01,2014,0,ALS201407150,NYA,AL,0,
brantmi02,2014,0,ALS201407150,CLE,AL,1,
cespeyo01,2014,0,ALS201407150,OAK,AL,1,
darviyu01,2014,0,ALS201407150,TEX,AL,1,
doolise01,2014,0,ALS201407150,OAK,AL,1,
encared01,2014,0,ALS201407150,TOR,AL,0,
gordoal01,2014,0,ALS201407150,KCA,AL,0,
hollagr01,2014,0,ALS201407150,KCA,AL,1,
kazmisc01,2014,0,ALS201407150,OAK,AL,1,
kinslia01,2014,0,ALS201407150,DET,AL,1,
lestejo01,2014,0,ALS201407150,BOS,AL,1,
mossbr01,2014,0,ALS201407150,OAK,AL,1,
norride01,2014,0,ALS201407150,OAK,AL,1,
perkigl01,2014,0,ALS201407150,MIN,AL,1,
priceda01,2014,0,ALS201407150,TBA,AL,0,
ramiral03,2014,0,ALS201407150,CHA,AL,1,
salech01,2014,0,ALS201407150,CHA,AL,1,
scherma01,2014,0,ALS201407150,DET,AL,1,
seageky01,2014,0,ALS201407150,SEA,AL,1,
suzukku01,2014,0,ALS201407150,MIN,AL,1,
tanakma01,2014,0,ALS201407150,NYA,AL,0,
wietema01,2014,0,ALS201407150,BAL,AL,0,
simonal01,2014,0,ALS201407150,CIN,NL,1,0
kimbrcr01,2014,0,ALS201407150,ATL,NL,1,2
freemfr01,2014,0,ALS201407150,ATL,NL,1,3
tulowtr01,2014,0,ALS201407150,COL,NL,1,4
puigya01,2014,0,ALS201407150,LAN,NL,1,5
teherju01,2014,0,ALS201407150,ATL,NL,0,6
goldspa01,2014,0,ALS201407150,ARI,NL,1,7
lucrojo01,2014,0,ALS201407150,MIL,NL,1,8
pencehu01,2014,0,ALS201407150,SFN,NL,1,9
alvarhe01,2014,0,ALS201407150,MIA,NL,0,
blackch02,2014,0,ALS201407150,COL,NL,1,
bumgama01,2014,0,ALS201407150,SFN,NL,0,
castrst01,2014,0,ALS201407150,CHN,NL,1,
chapmar01,2014,0,ALS201407150,CIN,NL,1,
clippty01,2014,0,ALS201407150,WAS,NL,1,
cuetojo01,2014,0,ALS201407150,CIN,NL,0,
frazito01,2014,0,ALS201407150,CIN,NL,1,
gomezca01,2014,0,ALS201407150,MIL,NL,1,
gordode01,2014,0,ALS201407150,LAN,NL,1,
greinza01,2014,0,ALS201407150,LAN,NL,1,
harrijo05,2014,0,ALS201407150,PIT,NL,1,
kershcl01,2014,0,ALS201407150,LAN,NL,1,
mccutan01,2014,0,ALS201407150,PIT,NL,1,
mesorde01,2014,0,ALS201407150,CIN,NL,1,
molinya01,2014,0,ALS201407150,SLN,NL,0,
montemi01,2014,0,ALS201407150,ARI,NL,1,
murphda08,2014,0,ALS201407150,NYN,NL,1,
neshepa01,2014,0,ALS201407150,SLN,NL,1,
rizzoan01,2014,0,ALS201407150,CHN,NL,1,
rodrifr03,2014,0,ALS201407150,MIL,NL,1,
rossty01,2014,0,ALS201407150,SDN,NL,0,
samarje01,2014,0,ALS201407150,CHN,NL,0,
stantmi03,2014,0,ALS201407150,MIA,NL,1,
streehu01,2014,0,ALS201407150,SDN,NL,0,
wainwad01,2014,0,ALS201407150,SLN,NL,1,
watsoto01,2014,0,ALS201407150,PIT,NL,1,
zimmejo02,2014,0,ALS201407150,WAS,NL,0,
pujolal01,2015,0,NLS201507140,LAA,AL,1,3
troutmi01,2015,0,NLS201507140,LAA,AL,1,8
keuchda01,2015,0,NLS201507140,HOU,AL,1,1
altuvjo01,2015,0,NLS201507140,HOU,AL,1,4
vogtst01,2015,0,NLS201507140,OAK,AL,1,
donaljo02,2015,0,NLS201507140,TOR,AL,1,5
martiru01,2015,0,NLS201507140,TOR,AL,1,
kipnija01,2015,0,NLS201507140,CLE,AL,1,
cruzne02,2015,0,NLS201507140,SEA,AL,1,0
hernafe02,2015,0,NLS201507140,SEA,AL,1,
jonesad01,2015,0,NLS201507140,BAL,AL,1,7
machama01,2015,0,NLS201507140,BAL,AL,1,
brittza01,2015,0,NLS201507140,BAL,AL,1,
fieldpr01,2015,0,NLS201507140,TEX,AL,1,
archech01,2015,0,NLS201507140,TBA,AL,1,
holtbr01,2015,0,NLS201507140,BOS,AL,1,
perezsa02,2015,0,NLS201507140,KCA,AL,1,2
escobal02,2015,0,NLS201507140,KCA,AL,1,6
cainlo01,2015,0,NLS201507140,KCA,AL,1,9
moustmi01,2015,0,NLS201507140,KCA,AL,1,
daviswa01,2015,0,NLS201507140,KCA,AL,1,
priceda01,2015,0,NLS201507140,DET,AL,1,
martijd02,2015,0,NLS201507140,DET,AL,1,
iglesjo01,2015,0,NLS201507140,DET,AL,1,
doziebr01,2015,0,NLS201507140,MIN,AL,1,
perkigl01,2015,0,NLS201507140,MIN,AL,1,
gardnbr01,2015,0,NLS201507140,NYA,AL,1,
betande01,2015,0,NLS201507140,NYA,AL,1,
teixema01,2015,0,NLS201507140,NYA,AL,1,
rodrifr03,2015,0,NLS201507140,MIL,NL,1,
braunry02,2015,0,NLS201507140,MIL,NL,1,
peraljh01,2015,0,NLS201507140,SLN,NL,1,6
molinya01,2015,0,NLS201507140,SLN,NL,1,
rizzoan01,2015,0,NLS201507140,CHN,NL,1,0
bryankr01,2015,0,NLS201507140,CHN,NL,1,
goldspa01,2015,0,NLS201507140,ARI,NL,1,3
polloaj01,2015,0,NLS201507140,ARI,NL,1,
greinza01,2015,0,NLS201507140,LAN,NL,1,1
pederjo01,2015,0,NLS201507140,LAN,NL,1,7
gonzaad01,2015,0,NLS201507140,LAN,NL,1,
kershcl01,2015,0,NLS201507140,LAN,NL,1,
grandya01,2015,0,NLS201507140,LAN,NL,1,
poseybu01,2015,0,NLS201507140,SFG,NL,1,2
crawfbr01,2015,0,NLS201507140,SFG,NL,1,
panikjo01,2015,0,NLS201507140,SFG,NL,1,
bumgama01,2015,0,NLS201507140,SFG,NL,1,
degroja01,2015,0,NLS201507140,NYN,NL,1,
harpebr03,2015,0,NLS201507140,WAS,NL,1,9
uptonju01,2015,0,NLS201507140,SDN,NL,1,
mccutan01,2015,0,NLS201507140,PIT,NL,1,8
colege01,2015,0,NLS201507140,PIT,NL,1,
melanma01,2015,0,NLS201507140,PIT,NL,1,
frazito01,2015,0,NLS201507140,CIN,NL,1,5
chapmar01,2015,0,NLS201507140,CIN,NL,1,
lemahdj01,2015,0,NLS201507140,COL,NL,1,4
arenano01,2015,0,NLS201507140,COL,NL,1,
tulowtr01,2015,0,NLS201507140,COL,NL,1,
santihe01,2015,0,NLS201507141,LAA,AL,,
grayso01,2015,0,NLS201507142,OAK,AL,,
bautijo02,2015,0,NLS201507143,TOR,AL,,
millesh01,2015,0,NLS201507144,ATL,NL,,
martica04,2015,0,NLS201507145,SLN,NL,,
wachami01,2015,0,NLS201507146,SLN,NL,,
rosentr01,2015,0,NLS201507147,SLN,NL,,
hollima01,2015,0,NLS201507148,SLN,NL,,
gordode01,2015,0,NLS201507149,MIA,NL,,
stantmi03,2015,0,NLS201507150,MIA,NL,,
scherma01,2015,0,NLS201507151,WAS,NL,,
odayda01,2015,0,NLS201507152,BAL,AL,,
papeljo01,2015,0,NLS201507153,PHI,NL,,
boxbebr01,2015,0,NLS201507155,TBA,AL,,
gordoal01,2015,0,NLS201507156,KCA,AL,,
herreke01,2015,0,NLS201507157,KCA,AL,,
cabremi01,2015,0,NLS201507158,DET,AL,,
salech01,2015,0,NLS201507159,CHA,AL,,
