playerID,schoolID,yearID
aardsda01,pennst,2001
aardsda01,rice,2002
aardsda01,rice,2003
abercre01,flgateway,2000
accarje01,illinoisst,2001
accarje01,illinoisst,2002
accarje01,illinoisst,2003
ackledu01,unc,2007
ackledu01,unc,2008
ackledu01,unc,2009
adamsda02,virginia,2006
adamsda02,virginia,2007
adamsda02,virginia,2008
adamsma01,sliprock,2007
adamsma01,sliprock,2008
adamsma01,sliprock,2009
adamsru01,unc,2000
adamsru01,unc,2001
adamsru01,unc,2002
albaljo01,miamidade,2001
alberan01,kentucky,2005
alberan01,kentucky,2006
alberan01,kentucky,2007
alberan01,kentucky,2008
alberma01,txsjjcn,2002
allenco01,highpoint,2011
alonsyo01,miamifl,2006
alonsyo01,miamifl,2007
alonsyo01,miamifl,2008
alvarab01,longbeach,2001
alvarab01,longbeach,2002
alvarab01,longbeach,2003
alvarpe01,vandy,2006
alvarpe01,vandy,2007
alvarpe01,vandy,2008
alvarrj01,flatlantic,2010
alvarrj01,flatlantic,2011
alvarrj01,flatlantic,2012
ambrihe01,ucla,2003
ambrihe01,ucla,2004
ambrihe01,ucla,2005
ambrihe01,ucla,2006
amesst01,gonzaga,2009
anderbr03,arizona,2001
anderbr03,arizona,2002
anderbr03,arizona,2003
anderdr01,nebraska,2001
anderdr01,nebraska,2002
anderdr01,nebraska,2003
anderjo03,ekentucky,2001
anderjo03,ekentucky,2002
anderjo03,ekentucky,2003
anglema01,ohiost,2005
anglema01,ohiost,2006
anglema01,ohiost,2007
antonma01,wake,2004
antonma01,wake,2005
antonma01,wake,2006
arencjp01,tennessee,2005
arencjp01,tennessee,2006
arencjp01,tennessee,2007
arrieja01,txchrist,2006
arrieja01,txchrist,2007
ascheco01,nebraska,2009
ascheco01,nebraska,2010
ascheco01,nebraska,2011
aubremi01,tulane,2001
aubremi01,tulane,2002
aubremi01,tulane,2003
augenbr01,florida,2005
augenbr01,florida,2006
augenbr01,florida,2007
avilaal01,alabama,2006
avilaal01,alabama,2007
avilaal01,alabama,2008
avilemi01,concordny,2000
avilemi01,concordny,2001
avilemi01,concordny,2002
avilemi01,concordny,2003
axelrdy01,ucirvine,2006
axelrdy01,ucirvine,2007
axforjo01,notredame,2003
axforjo01,notredame,2005
axforjo01,canisius,2006
badenbu01,bowlgreen,2002
badenbu01,bowlgreen,2003
badenbu01,bowlgreen,2004
badenbu01,bowlgreen,2005
bailean01,wagner,2003
bailean01,wagner,2004
bailean01,wagner,2005
bailean01,wagner,2006
baislje01,sflorida,2002
baislje01,sflorida,2003
baislje01,sflorida,2004
baislje01,sflorida,2005
bakerje03,clemson,2000
bakerje03,clemson,2001
bakerje03,clemson,2002
bakerjo01,california,2000
bakerjo01,california,2001
bakerjo01,california,2002
bakersc02,okstate,2001
bakersc02,okstate,2002
bakersc02,okstate,2003
banksjo01,flinternat,2001
banksjo01,flinternat,2002
banksjo01,flinternat,2003
bannibr01,usc,2000
bannibr01,usc,2001
bannibr01,usc,2003
bantzbr01,dallasbapt,2006
bantzbr01,dallasbapt,2007
bantzbr01,dallasbapt,2008
bantzbr01,dallasbapt,2009
bardda01,unc,2004
bardda01,unc,2005
bardda01,unc,2006
bardebr01,oregonst,2000
bardebr01,oregonst,2001
bardebr01,oregonst,2002
barkese01,cabakjc,1999
barkese01,cabakjc,2000
barkese01,lsu,2001
barkese01,lsu,2002
barneda01,oregonst,2005
barneda01,oregonst,2006
barneda01,oregonst,2007
barnesc01,stjohns,2006
barnesc01,stjohns,2007
barnesc01,stjohns,2008
baronda01,campjco,2002
baronda01,campjco,2003
baronda01,sonomast,2004
bartobr01,loyolamary,2001
bartobr01,miamifl,2003
bartobr01,miamifl,2004
bassan01,waynest,2006
bassan01,waynest,2007
bassan01,waynest,2008
batesaa01,sanjosest,2003
batesaa01,ncstate,2005
batesaa01,ncstate,2006
bauertr01,ucla,2009
bauertr01,ucla,2010
bauertr01,ucla,2011
bautijo02,flchipo,2000
bautijo02,flchipo,2001
baxtemi01,columbia,2003
baxtemi01,vandy,2004
baxtemi01,vandy,2005
baylijo01,trinityct,2000
baylijo01,trinityct,2001
baylijo01,trinityct,2002
beamtj01,azscott,2000
beamtj01,azscott,2001
beamtj01,olemiss,2002
beamtj01,olemiss,2003
beckch01,ulala,2006
beckhgo01,georgia,2006
beckhgo01,georgia,2007
beckhgo01,georgia,2008
belfimi01,bostoncoll,2007
belfimi01,bostoncoll,2008
belfimi01,bostoncoll,2009
belivje01,charleston,2006
belivje01,charleston,2007
belivje01,flatlantic,2008
beltbr01,texas,2008
beltbr01,texas,2009
bentzch01,longbeach,2000
bentzch01,longbeach,2001
bergmja01,rutgers,2000
bergmja01,rutgers,2001
bergmja01,rutgers,2002
berkeja01,clemson,2003
berkeja01,clemson,2004
berkeja01,clemson,2006
bernido01,cacuest,1999
bernido01,cacuest,2000
bernido01,oralrob,2001
bernido01,oralrob,2002
berryqu01,sandiegost,2005
berryqu01,sandiegost,2006
bettich01,txtech,2008
bettich01,txtech,2009
bettich01,txtech,2010
billibr02,sandiegost,2004
billibr02,sandiegost,2005
billibr02,sandiegost,2006
billibr02,sandiegost,2007
birkiku01,ucla,1999
birkiku01,capierc,2000
bisenjo01,iawescc,2002
bisenjo01,iawescc,2003
bisenjo01,okcity,2004
bixlebr01,emichigan,2002
bixlebr01,emichigan,2003
bixlebr01,emichigan,2004
blackch02,gatech,2007
blackch02,gatech,2008
blackni01,oksemin,2001
blackni01,oksemin,2002
blackvi01,dallasbapt,2007
blackvi01,dallasbapt,2008
blackvi01,dallasbapt,2009
blantjo01,kentucky,2000
blantjo01,kentucky,2001
blantjo01,kentucky,2002
blevije01,dayton,2002
blevije01,dayton,2003
blevije01,dayton,2004
bococbr01,stetson,2004
bococbr01,stetson,2005
bococbr01,stetson,2006
boescbr01,california,2004
boescbr01,california,2005
boescbr01,california,2006
boggsbr01,gatech,2002
boggsbr01,gatech,2003
boggsbr01,gatech,2004
boggsmi01,georgia,2003
boggsmi01,georgia,2004
boggsmi01,georgia,2005
bogusbr01,tulane,2003
bogusbr01,tulane,2004
bogusbr01,tulane,2005
bohntj01,kshutch,1999
bohntj01,kshutch,2000
bohntj01,nebellevue,2001
bohntj01,nebellevue,2002
bonined01,caglend,2001
bonined01,washst,2002
bonined01,nevada,2003
borboju01,tennessee,2005
borboju01,tennessee,2006
borboju01,tennessee,2007
bottsja01,caglend,1999
bottsja01,caglend,2000
bournmi01,houston,2001
bournmi01,houston,2002
bournmi01,houston,2003
bowkejo01,longbeach,2002
bowkejo01,longbeach,2003
bowkejo01,longbeach,2004
boxbebr01,usc,2007
boxbebr01,usc,2008
boxbebr01,usc,2009
brachbr01,monmouth,2005
brachbr01,monmouth,2006
brachbr01,monmouth,2007
brachbr01,monmouth,2008
brackan01,ncstate,2005
brackan01,ncstate,2006
brackan01,ncstate,2007
bradeda01,caameri,2002
bradeda01,caameri,2003
bradeda01,txtech,2004
bradlja02,scarolina,2009
bradlja02,scarolina,2010
bradlja02,scarolina,2011
brantro01,ucriver,2009
brantro01,ucriver,2010
braunry01,wake,2000
braunry01,wake,2001
braunry01,wake,2002
braunry01,unlv,2003
braunry02,miamifl,2003
braunry02,miamifl,2004
braunry02,miamifl,2005
braybi01,willmary,2002
braybi01,willmary,2003
braybi01,willmary,2004
brazede01,mtennst,1999
brazede01,mtennst,2000
brazede01,mtennst,2001
breslcr01,yale,1999
breslcr01,yale,2000
breslcr01,yale,2001
breslcr01,yale,2002
brewech01,ucla,2007
brewech01,ucla,2008
brewech01,ucla,2009
broadla01,dallasbapt,2003
broadla01,dallasbapt,2004
broadla01,txchrist,2005
brothre01,lipscomb,2007
brothre01,lipscomb,2008
brothre01,lipscomb,2009
brownan02,nebraska,2006
brownan02,nebraska,2007
brownba01,floridast,2005
brownba01,floridast,2006
brownco01,okstate,2005
brownco01,okstate,2006
brownco01,okstate,2007
brownjo05,arizona,2003
brownjo05,arizona,2004
brownjo05,arizona,2005
brummty01,ucla,2006
brummty01,ucla,2007
buchhcl01,mcneese,2004
buchhcl01,txangjc,2005
bucknbi02,scarolina,2004
bucktr01,arizonast,2003
bucktr01,arizonast,2004
bucktr01,arizonast,2005
buentja01,purdue,2003
buentja01,purdue,2004
buentja01,purdue,2005
buentja01,purdue,2006
bullibr01,ballst,2000
bullibr01,ballst,2001
bullibr01,ballst,2002
burgohi01,bethcook,2006
burgohi01,bethcook,2007
burgohi01,bethcook,2008
burgohi01,bethcook,2009
burkech01,tennessee,1999
burkech01,tennessee,2000
burkech01,tennessee,2001
burnsco01,arizona,2006
burnsco01,arizona,2007
burnsco01,arizona,2008
burnsco01,arizona,2009
burrebr01,ormount,2000
burrebr01,ormount,2001
burriem01,kentst,2004
burriem01,kentst,2005
burriem01,kentst,2006
burtoja01,wcarolina,2000
burtoja01,wcarolina,2001
burtoja01,wcarolina,2002
buschbr01,flcentr,2000
buschbr01,flcentr,2001
buschbr01,scarolina,2002
buschbr01,scarolina,2003
bussni01,usc,2007
bussni01,usc,2008
buterdr01,cflorida,2003
buterdr01,cflorida,2004
buterdr01,cflorida,2005
butlejo03,sandiego,2004
butlejo03,sandiego,2005
butlejo03,sandiego,2006
butlejo04,norleans,2007
butlejo04,norleans,2008
bynumfr01,ncpitcc,1999
bynumfr01,ncpitcc,2000
calhoko01,arizonast,2009
calhoko01,arizonast,2010
campato01,uncashe,2005
campato01,uncashe,2006
campato01,cincy,2007
campato01,cincy,2008
campbbr02,kennesawst,2004
cappsca01,mtolive,2010
cappsca01,mtolive,2011
carigan01,unc,2005
carigan01,unc,2006
carigan01,unc,2007
carlilu01,neastern,2000
carlilu01,neastern,2001
carlilu01,neastern,2002
carlsje01,uconn,2000
carlsje01,uconn,2001
carlsje01,uconn,2002
carpean01,chicost,2004
carpean01,casacra,2005
carpean01,longbeach,2006
carpech02,kentst,2005
carpech02,kentst,2007
carpech02,kentst,2008
carpeda01,wvirginia,2004
carpeda01,wvirginia,2005
carpeda01,wvirginia,2006
carpema01,txchrist,2005
carpema01,txchrist,2006
carpema01,txchrist,2007
carpema01,txchrist,2008
carpema01,txchrist,2009
carrice01,miamifl,2004
carrice01,miamifl,2005
carrobr01,mtennst,2002
carrobr01,mtennst,2003
carrobr01,mtennst,2004
cartech01,stanford,2002
cartech01,stanford,2003
cartech01,stanford,2004
cashnan01,txchrist,2008
casseja01,loyolamary,1999
casseja01,capierc,2000
casteal01,belmontab,2007
casteal01,belmontab,2008
castoko01,portland,2001
castoko01,portland,2002
castoko01,portland,2003
castrja01,stanford,2006
castrja01,stanford,2007
castrja01,stanford,2008
catetr01,idbyuid,2002
cecilbr01,maryland,2005
cecilbr01,maryland,2006
cecilbr01,maryland,2007
chambjo03,nebkearney,2004
chambjo03,nebraska,2005
chambjo03,nebraska,2006
chapmke02,florida,2007
chapmke02,florida,2009
chapmke02,florida,2010
chaveje01,carivcc,2002
chaveje01,carivcc,2003
chicoma01,usc,2002
chiselo01,scarolina,2007
choicmi01,utarl,2008
choicmi01,utarl,2009
choicmi01,utarl,2010
chrisju01,auburn,2001
chrisju01,semost,2003
chrisni01,vandy,2006
chrisni01,vandy,2007
chrisni01,vandy,2008
chrisni01,vandy,2009
cingrto01,rice,2010
cingrto01,rice,2011
cishest01,carsnewm,2005
cishest01,carsnewm,2006
cishest01,carsnewm,2007
claggan01,ucriver,2003
claggan01,ucriver,2004
claggan01,ucriver,2005
claibpr01,tulane,2007
claibpr01,tulane,2008
claibpr01,tulane,2009
claibpr01,tulane,2010
clarkco01,arkansas,2002
clarkco01,wichitast,2003
clarkda06,sfcc,2000
clarkda06,sfcc,2001
clemeje01,usc,2003
clemeje01,usc,2004
clemeje01,usc,2005
clevest01,sela,2005
coghlch01,olemiss,2004
coghlch01,olemiss,2005
coghlch01,olemiss,2006
cokeph01,casjdjc,2002
cokeph01,casjdjc,2003
colege01,ucla,2009
colege01,ucla,2010
colege01,ucla,2011
colemca01,flgulfc,2006
colemca01,flgulfc,2007
colemca01,flgulfc,2008
colemlo01,lsu,2006
colemlo01,lsu,2007
colemlo01,lsu,2008
colemlo01,lsu,2009
collmjo01,cmichigan,2005
collmjo01,cmichigan,2006
collmjo01,cmichigan,2007
colvity01,clemson,2004
colvity01,clemson,2005
colvity01,clemson,2006
conrabr01,arizonast,1999
conrabr01,arizonast,2000
conrabr01,arizonast,2001
cookry01,usc,2006
cookry01,usc,2007
cookry01,usc,2008
coopeda01,calstfull,2006
coopeda01,california,2007
coopeda01,california,2008
corcoro01,mcmgccc,1999
corcoro01,mcmgccc,2000
corcoro01,lsu,2001
cordech01,calstfull,2001
cordech01,calstfull,2002
cordech01,calstfull,2003
cormila01,alabama,1999
cormila01,alabama,2000
cormila01,alabama,2001
cormila01,alabama,2002
correke01,calpoly,2000
correke01,calpoly,2001
correke01,calpoly,2002
cortefe01,grossmont,2000
cortefe01,grossmont,2001
costami01,coastcar,2003
costami01,coastcar,2004
costami01,coastcar,2005
costash01,calstfull,2001
costash01,calstfull,2002
costash01,calstfull,2003
cottsne01,illinoisst,1999
cottsne01,illinoisst,2000
cottsne01,illinoisst,2001
cousisc01,sanfran,2004
cousisc01,sanfran,2005
cousisc01,sanfran,2006
coutljo01,flindia,2000
coutljo01,flindia,2001
coutljo01,scarolina,2002
coutljo01,scarolina,2003
cowgico01,kentucky,2005
cowgico01,kentucky,2006
cowgico01,kentucky,2008
cozarza01,olemiss,2005
cozarza01,olemiss,2006
cozarza01,olemiss,2007
crabbca01,flmanat,2001
crabbca01,flmanat,2002
craigal01,california,2003
craigal01,california,2004
craigal01,california,2005
craigal01,california,2006
crainje01,txsjjcn,2000
crainje01,txsjjcn,2001
crainje01,houston,2002
crawfbr01,ucla,2006
crawfbr01,ucla,2007
crawfbr01,ucla,2008
crawfev01,auburn,2006
crawfev01,auburn,2007
crawfev01,auburn,2008
crockky01,virginia,2011
crockky01,virginia,2012
crockky01,virginia,2013
crosbbo01,longbeach,1999
crosbbo01,longbeach,2000
crosbbo01,longbeach,2001
crottmi01,flatlantic,2004
crottmi01,flatlantic,2005
crottmi01,flatlantic,2006
crowaa01,missouri,2006
crowaa01,missouri,2007
crowaa01,missouri,2008
crowetr01,arizona,2003
crowetr01,arizona,2004
crowetr01,arizona,2005
cumptbr01,gatech,2008
cumptbr01,gatech,2009
cumptbr01,gatech,2010
cunniaa01,waevere,2005
cunnito01,jksonvilst,2008
cunnito01,jksonvilst,2009
cunnito01,jksonvilst,2010
curtico01,arizonast,2004
curtico01,arizonast,2005
curtico01,arizonast,2006
curtije01,ucla,2006
curtije01,ucla,2007
curtije01,ucla,2008
daleyma01,bucknell,2001
daleyma01,bucknell,2003
daleyma01,bucknell,2004
danksjo02,texas,2006
danksjo02,texas,2007
danksjo02,texas,2008
dantoja01,wake,2001
dantoja01,wake,2002
dantoja01,wake,2003
darnach01,pepperdine,2006
darnach01,pepperdine,2007
darnach01,pepperdine,2008
darneja01,scarolina,2006
darneja01,scarolina,2007
darneja01,scarolina,2008
davidda02,flgccco,2000
davidda02,flgccco,2001
davidda02,floridast,2002
davidda02,floridast,2003
davisbl01,calstfull,2004
davisbl01,calstfull,2005
davisbl01,calstfull,2006
davisbr03,longbeach,2002
davisbr03,longbeach,2003
davisbr03,longbeach,2004
davisch02,txnavar,2005
davisch02,txnavar,2006
daviser02,stanford,2005
daviser02,stanford,2006
daviser02,stanford,2007
daviser02,stanford,2008
davisik02,arizonast,2006
davisik02,arizonast,2007
davisik02,arizonast,2008
davisja02,tncleve,1999
davisja02,tncleve,2000
daviskh01,calstfull,2007
daviskh01,calstfull,2008
daviskh01,calstfull,2009
davisra01,ctconap,2000
davisra01,ctconap,2001
dayde01,southernu,2000
dayde01,southernu,2001
dayde01,southernu,2002
dayde01,southernu,2003
demarch01,caelcam,1999
demarch01,caelcam,2000
demarch01,longbeach,2001
demarch01,longbeach,2002
demelsa01,txchrist,2005
demelsa01,txchrist,2006
demelsa01,txchrist,2007
dendema01,florida,2007
dendema01,florida,2008
dendema01,florida,2009
dendema01,florida,2010
denorch01,wheatonma,1999
denorch01,wheatonma,2000
denorch01,wheatonma,2001
denorch01,wheatonma,2002
desalma01,mariettaoh,1999
desalma01,mariettaoh,2000
desalma01,mariettaoh,2001
desalma01,mariettaoh,2002
desalma01,mariettaoh,2003
descada01,ucdavis,2005
descada01,ucdavis,2006
descada01,ucdavis,2007
detwiro01,swmost,2005
detwiro01,swmost,2006
detwiro01,swmost,2007
devinjo01,ncstate,2003
devinjo01,ncstate,2004
devinjo01,ncstate,2005
diamoth01,norleans,2003
diamoth01,norleans,2004
diazjo02,ncstate,2004
diazjo02,ncstate,2005
diazjo02,ncstate,2006
diazvi01,txgrays,2001
dickech01,nevada,2001
dickech01,nevada,2002
dickech01,nevada,2003
dietrde01,gatech,2008
dietrde01,gatech,2009
dietrde01,gatech,2010
dillati01,msitawa,2002
dillati01,msitawa,2003
dirksan01,wichitast,2007
dirksan01,wichitast,2008
dlugabr01,memphis,2002
dlugabr01,memphis,2003
dlugabr01,memphis,2004
donalja01,arizona,2004
donalja01,arizona,2005
donalja01,arizona,2006
donaljo02,auburn,2005
donaljo02,auburn,2006
donaljo02,auburn,2007
doolise01,virginia,2005
doolise01,virginia,2006
doolise01,virginia,2007
dovede01,georgiasou,2001
dovede01,georgiasou,2002
dovede01,georgiasou,2003
downsma01,alabama,2004
downsma01,alabama,2005
downsma01,alabama,2006
doziebr01,smiss,2006
doziebr01,smiss,2007
doziebr01,smiss,2008
doziebr01,smiss,2009
drewst01,floridast,2002
drewst01,floridast,2003
drewst01,floridast,2004
dudalu01,usc,2005
dudalu01,usc,2006
dudalu01,usc,2007
duensbr01,nebraska,2002
duensbr01,nebraska,2003
duensbr01,nebraska,2005
duffych01,azsouth,1999
duffych01,azsouth,2000
duffych01,arizonast,2001
dumatph01,cabakjc,2000
dunnija01,indiana,2009
durange01,txchrist,2004
durange01,txweath,2005
dwyerch01,clemson,2009
dysonsa01,scarolina,2008
dysonsa01,scarolina,2009
dysonsa01,scarolina,2010
eatonad02,miamioh,2008
eatonad02,miamioh,2009
eatonad02,miamioh,2010
edginjo01,ohiost,2007
edginjo01,ohiost,2008
edginjo01,scfranc,2009
edginjo01,scfranc,2010
edlefst01,nebraska,2006
edlefst01,nebraska,2007
egberja01,rutgers,2002
egberja01,rutgers,2003
egberja01,rutgers,2004
ekstrmi01,oregonst,2002
ekstrmi01,oregonst,2003
ekstrmi01,ptlomanaz,2004
eldrebr01,flinternat,1999
eldrebr01,flinternat,2000
eldrebr01,flinternat,2001
eldrebr01,flinternat,2002
ellisaj01,austinpeay,2000
ellisaj01,austinpeay,2001
ellisaj01,austinpeay,2002
ellisaj01,austinpeay,2003
ellsbja01,oregonst,2003
ellsbja01,oregonst,2004
ellsbja01,oregonst,2005
elmorja01,arizonast,2008
elyjo01,miamioh,2005
elyjo01,miamioh,2006
elyjo01,miamioh,2007
emausbr01,tulane,2005
emausbr01,tulane,2006
emausbr01,tulane,2007
enrigba01,pepperdine,2005
enrigba01,pepperdine,2006
enrigba01,pepperdine,2007
eppleco01,vcu,2005
eppleco01,vcu,2006
eppleco01,vcu,2007
eppleco01,vcu,2008
espinda01,longbeach,2006
espinda01,longbeach,2007
espinda01,longbeach,2008
espinge01,texas,2001
espinge01,texas,2002
espinge01,texas,2003
espinge01,txchrist,2004
esposmi01,arizonast,2000
esposmi01,arizonast,2001
esposmi01,arizonast,2002
estrama01,caglend,2003
estrama01,longbeach,2005
ethiean01,arizonast,2002
ethiean01,arizonast,2003
evanste01,gamiddl,2001
evanste01,gamiddl,2002
evelada01,txhillj,2002
evelada01,cacanyo,2003
everito01,sonomast,2002
everito01,sonomast,2003
everito01,sonomast,2004
faheybr01,txgrays,2000
faheybr01,txgrays,2001
faheybr01,texas,2002
farmebu01,gatech,2010
farmebu01,gatech,2011
farmebu01,gatech,2012
farmebu01,gatech,2013
farquda01,ulala,2006
farquda01,ulala,2007
farquda01,ulala,2008
farrier01,loyolamary,2005
farrier01,loyolamary,2006
farrier01,loyolamary,2007
federti01,unc,2006
federti01,unc,2007
federti01,unc,2008
feldmsc01,cacsmat,2002
feldmsc01,cacsmat,2003
fickch01,fresnost,2005
fickch01,calstnorth,2006
fickch01,calstnorth,2007
fieldjo02,azmescc,2001
fieldjo02,okstate,2002
fieldjo02,okstate,2003
fieldjo02,okstate,2004
fieldjo03,georgia,2005
fieldjo03,georgia,2006
fieldjo03,georgia,2007
fieldjo03,georgia,2008
fieldth01,swtexas,2006
fieldth01,swtexas,2007
fieldth01,swtexas,2008
fienca01,calpoly,2005
fienca01,calpoly,2006
fiersmi01,flnovas,2009
fifest01,utah,2007
fifest01,utah,2008
finnebr01,txchrist,2012
finnebr01,txchrist,2013
finnebr01,txchrist,2014
fioreje01,flatlantic,2002
fioreje01,flatlantic,2003
fioreje01,flatlantic,2004
fistedo01,fresnost,2005
fistedo01,fresnost,2006
flahery01,vandy,2006
flahery01,vandy,2007
flahery01,vandy,2008
flynnbr01,wichitast,2009
flynnbr01,wichitast,2011
fontemi01,lsu,2000
fontemi01,lsu,2001
foppeje01,sanfran,1999
foppeje01,sanfran,2000
foppeje01,sanfran,2001
forsylo01,arkansas,2006
forsylo01,arkansas,2007
forsylo01,arkansas,2008
foxja02,michigan,2001
foxja02,michigan,2002
foxja02,michigan,2003
foxma01,cflorida,2002
foxma01,cflorida,2003
foxma01,cflorida,2004
francbe01,cacypre,2000
francbe01,ucla,2001
francbe01,ucla,2002
frandke01,sanjosest,2001
frandke01,sanjosest,2002
frandke01,sanjosest,2003
frandke01,sanjosest,2004
frazije01,rutgers,2003
frazije01,rutgers,2004
frazito01,rutgers,2005
frazito01,rutgers,2006
frazito01,rutgers,2007
freemju02,kennesawst,2006
freemju02,kennesawst,2007
freemju02,kennesawst,2008
freemsa01,kansas,2008
freesda01,meramec,2003
freesda01,meramec,2004
freesda01,salabama,2005
freesda01,salabama,2006
freimna01,duke,2006
freimna01,duke,2007
freimna01,duke,2008
freimna01,duke,2009
friedch01,ekentucky,2006
friedch01,ekentucky,2007
friedch01,ekentucky,2008
fryerer01,ohiost,2005
fryerer01,ohiost,2006
fryerer01,ohiost,2007
fuldsa01,stanford,2001
fuldsa01,stanford,2002
fuldsa01,stanford,2003
fuldsa01,stanford,2004
furbuch01,mestjos,2005
furbuch01,mestjos,2006
furbuch01,lsu,2007
gabbaka01,flindia,2001
gamelma01,flchipo,2005
garcida03,pepperdine,1999
garcida03,pepperdine,2000
garcida03,pepperdine,2001
gardnbr01,charleston,2002
gardnbr01,charleston,2003
gardnbr01,charleston,2004
gardnbr01,charleston,2005
garkory01,stanford,2000
garkory01,stanford,2001
garkory01,stanford,2002
garkory01,stanford,2003
garzama01,fresnost,2003
garzama01,fresnost,2004
garzama01,fresnost,2005
gastjo01,floridast,2008
gastjo01,floridast,2009
gastjo01,floridast,2010
gattiev01,txutper,2010
gaubjo01,minnesota,2004
gaubjo01,minnesota,2005
gaubjo01,minnesota,2006
gausmke01,lsu,2011
gausmke01,lsu,2012
gearrco01,mercer,2007
geedi01,utarl,2005
geedi01,utarl,2006
geedi01,utarl,2007
geerjo01,txnavar,2003
geerjo01,txnavar,2004
geerjo01,rice,2005
gentrcr01,arkansas,2005
gentrcr01,arkansas,2006
getzch01,wake,2003
getzch01,michigan,2004
getzch01,michigan,2005
giarrto01,tulane,2001
giarrto01,tulane,2002
giarrto01,tulane,2003
giavojo01,norleans,2006
giavojo01,norleans,2007
giavojo01,norleans,2008
gibsoky01,missouri,2007
gibsoky01,missouri,2008
gibsoky01,missouri,2009
gillaco01,wichitast,2006
gillaco01,wichitast,2007
gillaco01,wichitast,2008
gilleco01,oregonst,2004
gilleco01,oregonst,2005
gilleco01,oregonst,2006
gimench01,nevada,2002
gimench01,nevada,2003
gimench01,nevada,2004
godfrgr01,charleston,2006
goinsry01,dallasbapt,2007
goinsry01,dallasbapt,2008
goinsry01,dallasbapt,2009
goldspa01,swtexas,2007
goldspa01,swtexas,2008
goldspa01,swtexas,2009
gomesbr01,tulane,2003
gomesbr01,tulane,2004
gomesbr01,tulane,2005
gomesbr01,tulane,2006
gomesjo01,casrjco,2001
gomesya01,tennessee,2007
gomesya01,tennessee,2008
gomesya01,flbarry,2009
gonzama02,gonzaga,2011
gonzama02,gonzaga,2012
gonzama02,gonzaga,2013
gordoal01,nebraska,2003
gordoal01,nebraska,2004
gordoal01,nebraska,2005
gorecre01,delaware,2002
gorzeto01,kansas,2002
gorzeto01,iltrito,2003
gosewtu01,arizonast,2002
gosewtu01,arizonast,2003
gosewtu01,arizonast,2004
gosewtu01,arizonast,2005
goslimi01,stanford,1999
goslimi01,stanford,2000
goslimi01,stanford,2001
gosseph01,virginia,2008
gosseph01,virginia,2009
gosseph01,virginia,2010
gotayru01,iaindia,2000
gotayru01,iaindia,2001
grahaty01,oregonst,2003
grahaty01,oregonst,2004
grahaty01,oregonst,2005
grahaty01,oregonst,2006
grandcu01,illchicago,2000
grandcu01,illchicago,2001
grandcu01,illchicago,2002
grandya01,miamifl,2008
grandya01,miamifl,2009
grandya01,miamifl,2010
graveke01,missst,2010
graveke01,missst,2011
graveke01,missst,2012
graveke01,missst,2013
grayje02,swmost,2001
grayje02,swmost,2002
grayje02,swmost,2003
grayje02,swmost,2004
grayso01,vandy,2009
grayso01,vandy,2010
grayso01,vandy,2011
greenad01,unc,2000
greenad01,unc,2001
greenad01,unc,2002
greengr01,usc,2007
greengr01,usc,2008
greengr01,usc,2009
greenty02,gatech,2003
greenty02,gatech,2004
greenty02,gatech,2005
gregelu01,stxavieril,2003
gregelu01,stxavieril,2004
gregelu01,stxavieril,2005
gregelu01,stxavieril,2006
griffaj01,sandiego,2007
griffaj01,sandiego,2008
griffaj01,sandiego,2009
griffaj01,sandiego,2010
grimmju01,georgia,2008
grimmju01,georgia,2009
grimmju01,georgia,2010
guevaca01,stmarytx,2001
guevaca01,stmarytx,2002
guevaca01,stmarytx,2003
guilmpr01,arizona,2006
guilmpr01,arizona,2007
guilmpr01,arizona,2008
guilmpr01,arizona,2009
guyerbr01,virginia,2005
guyerbr01,virginia,2006
guyerbr01,virginia,2007
gwynnto02,sandiegost,2001
gwynnto02,sandiegost,2002
gwynnto02,sandiegost,2003
gyorkje01,wvirginia,2008
gyorkje01,wvirginia,2009
gyorkje01,wvirginia,2010
hagadni01,washington,2005
hagadni01,washington,2006
hagadni01,washington,2007
haguema01,washington,2005
haguema01,washington,2006
haguema01,washington,2007
haguema01,okstate,2008
hairssc01,azcentr,2000
hairssc01,azcentr,2001
haleda02,princeton,2007
haleda02,princeton,2008
haleda02,princeton,2009
halsebr01,txhillj,2000
halsebr01,txhillj,2001
halsebr01,texas,2002
hamilma01,tulane,2004
hamilma01,tulane,2005
hamilma01,tulane,2006
hammeja01,ortreas,2001
hammeja01,ortreas,2002
hampsju01,ilswijc,1999
hampsju01,ilswijc,2000
hamreer01,pacific,2006
hamreer01,pacific,2007
handdo01,jksonvilst,2005
handdo01,jksonvilst,2006
handdo01,jksonvilst,2007
hanigry01,rollins,2000
hanigry01,rollins,2001
hanigry01,rollins,2002
hannaja01,minnesota,1999
hannaja01,minnesota,2000
hannaja01,minnesota,2001
hansecr01,stjohns,2003
hansecr01,stjohns,2004
hansecr01,stjohns,2005
happja01,nwestern,2002
happja01,nwestern,2003
happja01,nwestern,2004
harderi01,azcentr,2000
harderi01,azcentr,2001
harenda01,pepperdine,1999
harenda01,pepperdine,2000
harenda01,pepperdine,2001
harribr01,willmary,1999
harribr01,willmary,2000
harribr01,willmary,2001
harrijo05,cincy,2006
harrijo05,cincy,2007
harrijo05,cincy,2008
harriwi02,lsu,2003
harriwi02,lsu,2004
harriwi02,lsu,2005
harriwi02,lsu,2006
hartke01,txnavar,2002
hartke01,txnavar,2003
hartke01,maryland,2004
harvema01,unc,2008
harvema01,unc,2009
harvema01,unc,2010
hatchch02,uncwilm,2004
hatchch02,uncwilm,2005
hatchch02,uncwilm,2006
hayesbr01,nevada,2003
hayesbr01,nevada,2004
hayesbr01,nevada,2005
hayhudi01,kentst,2000
hayhudi01,kentst,2001
hayhudi01,kentst,2002
hayhudi01,kentst,2003
headlch01,pacific,2003
headlch01,tennessee,2004
headlch01,tennessee,2005
heathde01,tennessee,2006
hefneje01,oralrob,2007
heisech01,messiah,2004
heisech01,messiah,2005
heisech01,messiah,2006
hembrhe01,scarolina,2008
hembrhe01,charleston,2010
hennebr01,youngst,1998
hennebr01,youngst,1999
hennebr01,youngst,2000
hennebr01,youngst,2001
hennse01,txmclen,2000
hennse01,txmclen,2001
hernafe03,flbrowa,2003
herreda01,nmexico,2004
herreda01,nmexico,2005
herreda01,nmexico,2006
herrmch01,miamifl,2009
hestejo01,stanford,2003
hestejo01,stanford,2004
hestejo01,stanford,2005
hestejo01,stanford,2006
hicksbr01,texasam,2007
hillaa01,lsu,2001
hillaa01,lsu,2002
hillaa01,lsu,2003
hillri01,michigan,2000
hillri01,michigan,2001
hillri01,michigan,2002
hillst01,sfaustin,2006
hillst01,sfaustin,2007
hinshal01,cachaff,2002
hinshal01,cachaff,2004
hinshal01,sandiegost,2005
hirshja01,calutheran,2001
hirshja01,calutheran,2002
hirshja01,calutheran,2003
hochelu01,tennessee,2003
hochelu01,tennessee,2004
hochelu01,tennessee,2005
hoeyja02,rider,2001
hoeyja02,rider,2002
hoeyja02,rider,2003
hoffpja01,smiss,2002
hoffpja01,smiss,2003
hoffpja01,smiss,2004
hoffpmi01,txlonmo,2000
hoffpmi01,lamar,2001
hoffpmi01,lamar,2002
holadbr01,txchrist,2008
holadbr01,txchrist,2009
holadbr01,txchrist,2010
hollagr01,wcarolina,2005
hollagr01,wcarolina,2006
hollagr01,wcarolina,2007
hollimi01,texas,2002
hollimi01,texas,2003
hollimi01,texas,2004
hollimi01,oralrob,2005
holtbr01,rice,2009
horstje01,armstratl,2006
horstje01,armstratl,2007
horwibr01,california,2001
horwibr01,california,2002
horwibr01,california,2003
horwibr01,california,2004
hottoto01,wichitast,2002
hottoto01,wichitast,2003
hottoto01,wichitast,2004
howeljp01,usc,2002
howeljp01,texas,2003
howeljp01,texas,2004
hudsoda01,olddom,2006
hudsoda01,olddom,2007
hudsoda01,olddom,2008
hudsoky01,illinois,2006
hudsoky01,illinois,2007
hudsoky01,illinois,2008
huffda01,ucirvine,2004
huffda01,ucla,2006
huffmch01,txchrist,2004
huffmch01,txchrist,2005
huffmch01,txchrist,2006
hughedu01,deltast,2002
hughedu01,deltast,2003
hugheja02,santaclara,2004
hugheja02,longbeach,2005
hugheja02,longbeach,2006
hulettu01,auburn,2002
hulettu01,auburn,2003
hulettu01,auburn,2004
humbeph01,rice,2002
humbeph01,rice,2003
humbeph01,rice,2004
hundlni01,arizona,2003
hundlni01,arizona,2004
hundlni01,arizona,2005
hunteto02,alabama,2006
hunteto02,alabama,2007
hynesco01,txtech,2006
hynesco01,txtech,2007
iannech01,unc,2002
iannech01,unc,2003
iannech01,unc,2004
irwinph01,olemiss,2007
irwinph01,olemiss,2008
irwinph01,olemiss,2009
jacksbr01,california,2007
jacksbr01,california,2008
jacksbr01,california,2009
jacksco01,california,2001
jacksco01,california,2002
jacksco01,california,2003
jacksry02,miamifl,2007
jacksry02,miamifl,2008
jacksry02,miamifl,2009
jacksst01,clemson,2002
jacksst01,clemson,2003
jacksst01,clemson,2004
jacksza01,louisville,2002
jacksza01,louisville,2003
jacksza01,texasam,2004
jacobmi02,grossmont,1999
jamesch03,alchatt,2001
jamesch03,alchatt,2002
jamesju01,missouri,2002
jamesju01,missouri,2003
janispa01,rice,2002
janispa01,rice,2003
janispa01,rice,2004
janssca01,ucla,2001
janssca01,ucla,2002
janssca01,ucla,2003
janssca01,ucla,2004
jaramja01,okstate,2002
jaramja01,okstate,2003
jaramja01,okstate,2004
jayjo02,miamifl,2004
jayjo02,miamifl,2005
jayjo02,miamifl,2006
jenkich01,kennesawst,2007
jenkich01,kennesawst,2008
jenkich01,kennesawst,2009
jennida01,nebraska,2006
jennida01,nebraska,2007
jennida01,nebraska,2008
johnsch05,stetson,2005
johnsch05,stetson,2006
johnser04,california,2009
johnser04,california,2010
johnser04,california,2011
johnskr01,wichitast,2004
johnskr01,wichitast,2005
johnskr01,wichitast,2006
johnsro07,casaddl,2002
johnsro07,casaddl,2003
johnsro07,houston,2004
johnsty01,camoorp,2000
johnsty01,camoorp,2001
jonesbr02,fltalla,2003
jonesbr02,fltalla,2004
joneshu01,floridast,2003
joneshu01,floridast,2004
joneshu01,floridast,2005
jonesna01,nkentucky,2005
jonesna01,nkentucky,2006
jonesna01,nkentucky,2007
josepdo01,houston,2007
josepdo01,houston,2008
josepdo01,houston,2009
joycema01,flsouthern,2003
joycema01,flsouthern,2004
joycema01,flsouthern,2005
karnsna01,txtech,2008
karnsna01,txtech,2009
karstje01,grossmont,2001
karstje01,grossmont,2002
karstje01,txtech,2003
kellesh01,austinpeay,2003
kellesh01,austinpeay,2004
kellesh01,austinpeay,2005
kellesh01,austinpeay,2006
kellesh01,austinpeay,2007
kellydo01,ptparkpa,1999
kellydo01,ptparkpa,2000
kellydo01,ptparkpa,2001
kellyjo05,ucriver,2007
kellyjo05,ucriver,2008
kellyjo05,ucriver,2009
kendrho01,flsjrcc,2002
kenneia01,usc,2004
kenneia01,usc,2005
kenneia01,usc,2006
kensilo01,texasam,2002
keppije01,georgia,1999
keppije01,georgia,2000
keppije01,georgia,2001
keuchda01,arkansas,2007
keuchda01,arkansas,2008
keuchda01,arkansas,2009
kickhmi01,swmost,2010
kiescro01,txtech,2006
kiescro01,txtech,2007
kiescro01,txtech,2008
kigerma01,florida,2000
kigerma01,florida,2001
kigerma01,florida,2002
kilbybr01,sanjosest,2002
kilbybr01,sanjosest,2003
kilbybr01,sanjosest,2004
kilbybr01,sanjosest,2005
kimbaco01,njcente,2005
kimbaco01,njcente,2006
kinslia01,azcentr,2001
kinslia01,arizonast,2002
kinslia01,missouri,2003
kipnija01,kentucky,2007
kipnija01,arizonast,2008
kipnija01,arizonast,2009
klubeco01,stetson,2005
klubeco01,stetson,2006
klubeco01,stetson,2007
knebeco01,texas,2011
knebeco01,texas,2012
knebeco01,texas,2013
knoedju01,lincolnlandcc,1999
knoedju01,lincolnlandcc,2000
knoedju01,miamioh,2001
koberje01,california,2007
koberje01,california,2008
koberje01,california,2009
koehlto01,stonybrook,2005
koehlto01,stonybrook,2006
koehlto01,stonybrook,2007
koehlto01,stonybrook,2008
kohnmi01,scupsta,2005
kohnmi01,scupsta,2006
kohnmi01,charleston,2007
kohnmi01,charleston,2008
komater01,calstfull,2008
kominsh01,nebraska,1999
kominsh01,nebraska,2000
kominsh01,nebraska,2001
kominsh01,nebraska,2002
kontoge01,nwestern,2004
kontoge01,nwestern,2005
kontoge01,nwestern,2006
koshajo01,virginia,2001
koshajo01,virginia,2002
koshajo01,virginia,2003
koshajo01,virginia,2004
kottage01,okconno,2002
kottage01,okconno,2003
kouzmke01,azcochi,2000
kouzmke01,azcochi,2001
kouzmke01,arkansaslr,2002
kouzmke01,nevada,2003
kozlobe01,flsanta,1999
kratzer01,vaemenn,2002
krausma01,ohio,2007
krausma01,ohio,2008
krausma01,ohio,2009
kroenza01,nebraska,2003
kroenza01,nebraska,2004
kroenza01,nebraska,2005
kunzed01,oregonst,2005
kunzed01,oregonst,2006
kunzed01,oregonst,2007
lafrobo01,nmexico,2007
lafrobo01,nmexico,2008
lahaibr01,flstpet,2002
lahaibr01,flstpet,2003
lambech01,bostoncoll,2002
lambech01,bostoncoll,2003
lambech01,bostoncoll,2004
langwma01,samhouston,2005
langwma01,rice,2007
langwma01,rice,2008
lannajo01,siena,2003
lannajo01,siena,2004
lannajo01,siena,2005
laporma01,florida,2004
laporma01,florida,2005
laporma01,florida,2006
laporma01,florida,2007
larisje01,arizonast,2002
larisje01,arizonast,2003
larisje01,arizonast,2004
larisje01,arizonast,2005
larocan01,txgrays,2003
lavarry01,yale,2006
lavarry01,yale,2007
lavarry01,yale,2008
leachbr01,smiss,2002
leachbr01,smiss,2003
leachbr01,deltast,2005
leakemi01,arizonast,2007
leakemi01,arizonast,2008
leakemi01,arizonast,2009
leblawa01,alabama,2004
leblawa01,alabama,2005
leblawa01,alabama,2006
leesmch01,xavier,2006
leesmch01,xavier,2007
leesmch01,xavier,2008
lemahdj01,lsu,2008
lemahdj01,lsu,2009
leonedo01,clemson,2010
leonedo01,clemson,2011
leonedo01,clemson,2012
lerouch01,winthrop,2003
lerouch01,winthrop,2004
lerouch01,winthrop,2005
lewisfr02,mcmgccc,2000
lewisfr02,mcmgccc,2001
lewisfr02,southernu,2002
lewisje01,vandy,2003
lewisje01,vandy,2004
lewisje01,vandy,2005
lewissc02,ohiost,2002
lewissc02,ohiost,2003
lewissc02,ohiost,2004
lillibr01,washington,2003
lillibr01,washington,2004
lillibr01,washington,2005
linceti01,washington,2004
linceti01,washington,2005
linceti01,washington,2006
lincobr01,houston,2004
lincobr01,houston,2005
lincobr01,houston,2006
lindad01,salabama,2003
lindad01,salabama,2004
lindbjo01,tennessee,2006
lindbjo01,purdue,2007
lindbjo01,purdue,2008
lindeto01,washington,1999
lindeto01,washington,2000
lindsma01,idbyuid,2001
lindsma01,idbyuid,2002
linkjo01,vcu,2003
linkjo01,vcu,2004
litscje01,sfcc,2004
litscje01,sfcc,2005
littlwe01,calstfull,2001
littlwe01,calstfull,2002
littlwe01,calstfull,2003
loewead01,flchipo,2003
loganbo02,txtempl,2003
longoev01,carioho,2004
longoev01,longbeach,2005
longoev01,longbeach,2006
loughda01,mercyhurst,2005
loughda01,mercyhurst,2006
loughda01,mercyhurst,2007
loupaa01,tulane,2007
loupaa01,tulane,2008
loupaa01,tulane,2009
lowema01,utarl,2002
lowema01,utarl,2004
lowrije01,stanford,2003
lowrije01,stanford,2004
lowrije01,stanford,2005
lowryno01,caventu,1999
lowryno01,pepperdine,2000
lowryno01,pepperdine,2001
lucased01,dartmouth,2002
lucased01,dartmouth,2003
lucased01,dartmouth,2004
lucrojo01,ulala,2005
lucrojo01,ulala,2006
lucrojo01,ulala,2007
lucydo01,stanford,2002
lucydo01,stanford,2003
lucydo01,stanford,2004
luebkco01,ohiost,2005
luebkco01,ohiost,2006
luebkco01,ohiost,2007
luetglu01,rice,2008
lutzza01,alverniapa,2005
lutzza01,alverniapa,2006
lutzza01,alverniapa,2007
lynnla01,olemiss,2006
lynnla01,olemiss,2007
lynnla01,olemiss,2008
lyonsty01,okstate,2007
lyonsty01,okstate,2008
lyonsty01,okstate,2009
lyonsty01,okstate,2010
macrima01,notredame,2002
macrima01,notredame,2003
macrima01,notredame,2004
magnutr01,louisville,2004
magnutr01,louisville,2005
magnutr01,louisville,2006
magnutr01,louisville,2007
maharke01,indiana,2001
maharke01,illtjco,2002
maharke01,indiana,2003
maharke01,indiana,2004
maholpa01,missst,2001
maholpa01,missst,2002
maholpa01,missst,2003
mahonjo01,richmond,2005
mahonjo01,richmond,2006
mahonjo01,richmond,2007
maiermi01,toledo,2001
maiermi01,toledo,2002
maiermi01,toledo,2003
mainejo01,charlotte,2000
mainejo01,charlotte,2001
mainejo01,charlotte,2002
mainesc01,miamifl,2005
mainesc01,miamifl,2006
mainesc01,miamifl,2007
majewva01,rutgers,2000
majewva01,rutgers,2001
majewva01,rutgers,2002
malonma02,olemiss,2004
malonma02,olemiss,2005
manesse01,ecarolina,2008
manesse01,ecarolina,2009
manesse01,ecarolina,2010
manesse01,ecarolina,2011
mangima01,ncstate,2005
mangima01,ncstate,2006
mangima01,okstate,2007
manshje01,notredame,2005
manshje01,notredame,2006
manzeto01,tulane,2002
manzeto01,tulane,2003
manzeto01,tulane,2004
manzeto01,tulane,2005
marcush01,missouri,2001
marcush01,swmost,2002
marcush01,swmost,2003
maronni01,florida,2009
maronni01,florida,2010
maronni01,florida,2011
marshja01,mojeffe,2002
marshja01,mojeffe,2003
marshse01,vcu,2001
marshse01,vcu,2002
marshse01,vcu,2003
martijd02,flnovas,2007
martijd02,flnovas,2008
martijd02,flnovas,2009
martijo07,bostoncoll,2002
martijo07,bostoncoll,2003
martijo07,bostoncoll,2004
martijo07,bostoncoll,2005
martiru01,flchipo,2001
martiru01,flchipo,2002
masseni01,flstpet,2001
masteju01,sandiegost,2006
mastnto01,furman,2000
mastnto01,furman,2001
mastnto01,furman,2002
mastnto01,furman,2003
mastrda01,winthrop,2005
mastrda01,sindiana,2006
mastrda01,sindiana,2007
mathido01,azcentr,2003
mathido01,azcentr,2004
mathido01,missouri,2005
mattike01,uncashe,2005
mattike01,uncashe,2006
mattike01,uncashe,2007
mattike01,uncashe,2008
matusbr01,sandiego,2006
matusbr01,sandiego,2007
matusbr01,sandiego,2008
maxweju01,maryland,2002
maxweju01,maryland,2003
maxweju01,maryland,2005
maybejo02,stanford,2003
maybejo02,stanford,2004
maybejo02,stanford,2005
maysoed01,deltast,2002
maysoed01,deltast,2003
mcanupa01,oxnard,2000
mcanupa01,oxnard,2001
mcanupa01,longbeach,2002
mcbetma01,scarolina,1999
mcbetma01,scarolina,2000
mcbetma01,scarolina,2001
mcbrima02,lehigh,2004
mcbrima02,lehigh,2005
mcbrima02,lehigh,2006
mccarbr01,colamar,2002
mccoymi01,sandiego,2000
mccoymi01,sandiego,2001
mccoymi01,sandiego,2002
mccrobo01,smiss,2001
mccrobo01,smiss,2002
mccrobo01,smiss,2003
mccutda01,centok,2002
mccutda01,oklahoma,2004
mccutda01,oklahoma,2005
mccutda01,oklahoma,2006
mcdonja03,cagolde,2003
mcgehca01,fresnost,2001
mcgehca01,fresnost,2002
mcgehca01,fresnost,2003
mcguich01,citadel,2007
mcguich01,citadel,2008
mcguich01,citadel,2009
mckenmi01,mtennst,2004
mckenmi01,mtennst,2005
mckenmi01,mtennst,2006
mclemma02,oregonst,2000
mclemma02,oregonst,2001
mclemma02,oregonst,2002
mcpheda01,citadel,1999
mcpheda01,citadel,2000
mcpheda01,citadel,2001
meddebr01,missst,2000
meddebr01,missst,2001
medicto01,santaclara,2008
medicto01,santaclara,2009
medicto01,santaclara,2010
meekev01,wabelle,2003
melanma01,arizona,2004
melanma01,arizona,2005
melanma01,arizona,2006
melilke01,scarolina,2001
melilke01,scarolina,2002
melilke01,scarolina,2003
melilke01,scarolina,2004
meloajo01,arizona,2003
meloajo01,arizona,2004
meloajo01,arizona,2005
mercejo03,okstate,2006
mercejo03,okstate,2007
mercejo03,okstate,2008
meredcl01,vcu,2002
meredcl01,vcu,2003
meredcl01,vcu,2004
metcatr01,kansas,2002
metcatr01,kansas,2003
metcatr01,kansas,2004
meyerda02,jamesmad,2000
meyerda02,jamesmad,2001
meyerda02,jamesmad,2002
meyerdr01,scarolina,2000
meyerdr01,scarolina,2001
meyerdr01,scarolina,2002
mickoka01,eutah,2003
mickoka01,eutah,2004
mickoka01,utahvalley,2005
mickoka01,utahvalley,2006
mikolmi01,flnovas,2007
mikolmi01,flnovas,2008
mikolmi01,flnovas,2009
mileywa01,sela,2006
mileywa01,sela,2007
mileywa01,sela,2008
millean01,unc,2004
millean01,unc,2005
millean01,unc,2006
millebr02,clemson,2009
millebr02,clemson,2010
millebr02,clemson,2011
milleji02,ncmarsh,2001
milleji02,ncmarsh,2002
milleji02,ulamo,2003
milleji02,ulamo,2004
millsbr02,arizona,2004
millsbr02,arizona,2005
millsbr02,arizona,2006
millsbr02,arizona,2007
milonto01,usc,2006
milonto01,usc,2007
milonto01,usc,2008
minormi01,vandy,2007
minormi01,vandy,2008
minormi01,vandy,2009
mischpa01,wmichigan,2000
mischpa01,wmichigan,2001
mischpa01,wmichigan,2002
mischpa01,wmichigan,2003
mitchdj01,clemson,2006
mitchdj01,clemson,2007
mitchdj01,clemson,2008
mitrese01,sdcity,2000
mitrese01,sdcity,2001
mockga01,txgrays,2002
mockga01,houston,2003
mockga01,houston,2004
montzlu01,txhillj,2003
mooread01,utarl,2006
moorety01,missst,2008
morelbr01,calpoly,2006
morelbr01,calpoly,2007
morelbr01,calpoly,2008
morelmi01,missst,2005
morelmi01,missst,2006
morelmi01,missst,2007
morgany01,wawalla,2001
morgany01,wawalla,2002
morrobr01,california,2004
morrobr01,california,2005
morrobr01,california,2006
mortecl01,gonzaga,2006
mortecl01,gonzaga,2007
mortoco01,ncstate,2001
mortoco01,ncstate,2002
mortoco01,ncstate,2003
moskoda01,clemson,2005
moskoda01,clemson,2006
moskoda01,clemson,2007
motteja01,iona,2001
motteja01,iona,2002
motteja01,iona,2003
mulveke01,villanova,2004
mulveke01,villanova,2005
mulveke01,villanova,2006
munizca01,caharbo,2000
munizca01,caharbo,2001
munizca01,longbeach,2002
munizca01,longbeach,2003
murphbi02,calstnorth,2000
murphbi02,calstnorth,2001
murphbi02,calstnorth,2002
murphda07,baylor,2001
murphda07,baylor,2002
murphda07,baylor,2003
murphda08,jacksonvil,2004
murphda08,jacksonvil,2005
murphda08,jacksonvil,2006
murphdo01,caorang,2002
murraaj01,utslxxo,2001
murtoma01,gatech,2001
murtoma01,gatech,2002
murtoma01,gatech,2003
narrosa02,ecarolina,2000
narrosa02,ecarolina,2001
narrosa02,ecarolina,2002
navaref01,unlv,2005
navaref01,unlv,2006
navaref01,unlv,2007
nelsoji02,alabama,2008
nelsoji02,alabama,2009
nelsoji02,alabama,2010
neshepa01,butler,2000
neshepa01,butler,2001
neshepa01,butler,2002
newmajo01,ohiost,2001
newmajo01,ohiost,2002
newmajo01,ohiost,2003
newmajo01,ohiost,2004
nickemi01,gatech,2002
nickemi01,gatech,2003
nickemi01,gatech,2004
niemaje01,rice,2002
niemaje01,rice,2003
niemaje01,rice,2004
nippedu01,ohvalley,2000
nippedu01,ohvalley,2001
nippedu01,wvirginia,2002
norribu01,calpoly,2004
norribu01,calpoly,2005
norribu01,calpoly,2006
oconnmi01,georgewash,2002
odayda01,florida,2003
odayda01,florida,2004
odayda01,florida,2005
odayda01,florida,2006
ohlenro01,princeton,2002
ohlenro01,princeton,2003
ohlenro01,princeton,2004
olivean01,okstate,2007
olivean01,okstate,2008
olivean01,okstate,2009
olsonga01,calpoly,2003
olsonga01,calpoly,2004
olsonga01,calpoly,2005
oltmi01,uconn,2008
oltmi01,uconn,2009
oltmi01,uconn,2010
omallry01,lincolnlandcc,1999
omallry01,lincolnlandcc,2000
omallry01,memphis,2001
omallry01,memphis,2002
omogrbr01,indianast,2003
omogrbr01,indianast,2004
omogrbr01,indianast,2006
ortmeda01,utarl,2000
ortmeda01,utarl,2001
ortmeda01,utarl,2002
orvelch01,wacolum,2000
orvelch01,wacolum,2001
orvelch01,ncstate,2002
orvelch01,ncstate,2003
oteroda01,duke,2004
oteroda01,duke,2005
oteroda01,duke,2006
oteroda01,sflorida,2007
ottavad01,neastern,2004
ottavad01,neastern,2005
ottavad01,neastern,2006
outmajo01,mofores,2003
outmajo01,mofores,2004
outmajo01,cmissouri,2005
owensje01,mastersca,2002
owensje01,mastersca,2003
owingmi01,gatech,2003
owingmi01,gatech,2004
owingmi01,tulane,2005
pachejo01,nmexico,2005
pachejo01,nmexico,2006
pachejo01,nmexico,2007
paganan01,flindia,2000
papeljo01,missst,2001
papeljo01,missst,2002
papeljo01,missst,2003
parismi01,manhattan,2002
parismi01,manhattan,2003
parismi01,manhattan,2004
parkebl01,arkansas,2004
parkebl01,arkansas,2005
parkebl01,arkansas,2006
parnebo01,charlsouth,2003
parnebo01,charlsouth,2004
parnebo01,charlsouth,2005
parrama01,caameri,2001
parrama01,caameri,2002
paterjo01,linfieldor,2005
paterjo01,oregonst,2006
paterjo01,oregonst,2007
patteer01,gatech,2002
patteer01,gatech,2003
patteer01,gatech,2004
pattoda01,wagreen,2003
pattoda01,wagreen,2004
paxtoja01,kentucky,2007
paxtoja01,kentucky,2008
paxtoja01,kentucky,2009
pearcst01,flindia,2002
pearcst01,flindia,2003
pearcst01,scarolina,2004
pearcst01,scarolina,2005
pedrodu01,arizonast,2002
pedrodu01,arizonast,2003
pedrodu01,arizonast,2004
pelfrmi01,wichitast,2003
pelfrmi01,wichitast,2004
pelfrmi01,wichitast,2005
pencehu01,txtexar,2002
pencehu01,utarl,2003
pencehu01,utarl,2004
pendlla01,rice,2003
pendlla01,rice,2004
pendlla01,rice,2005
pennicl01,texasam,2003
pennicl01,texasam,2004
pennicl01,texasam,2005
perezch01,miamifl,2004
perezch01,miamifl,2005
perezch01,miamifl,2006
perezfe01,columbia,2002
perezfe01,columbia,2003
perezfe01,columbia,2004
perkigl01,minnesota,2003
perkigl01,minnesota,2004
perryja01,gatech,2000
perryja01,gatech,2001
perryja01,gatech,2002
perryry01,arizona,2006
perryry01,arizona,2007
perryry01,arizona,2008
pestavi01,calstfull,2004
pestavi01,calstfull,2005
pestavi01,calstfull,2006
peterbr01,ucirvine,2005
peterbr01,ucirvine,2006
peterbr01,ucirvine,2007
petersh01,longbeach,2006
petersh01,longbeach,2007
petersh01,longbeach,2008
petrija01,indianast,2009
petrija01,indianast,2010
pettich01,loyolamary,2003
pettich01,loyolamary,2004
pettich01,loyolamary,2005
pettich01,loyolamary,2006
phegljo01,indiana,2007
phegljo01,indiana,2008
phegljo01,indiana,2009
phelpco01,stanford,2006
phelpco01,stanford,2007
phelpco01,stanford,2008
phelpda01,notredame,2006
phelpda01,notredame,2007
phelpda01,notredame,2008
phillhe01,flgateway,2001
pillake01,csdomhills,2008
pillake01,csdomhills,2009
pillake01,csdomhills,2010
pillake01,csdomhills,2011
pillbr01,calstfull,2004
pillbr01,calstfull,2005
pillbr01,calstfull,2006
polloaj01,notredame,2007
polloaj01,notredame,2008
polloaj01,notredame,2009
pomerdr01,olemiss,2008
pomerdr01,olemiss,2009
pomerdr01,olemiss,2010
poredaa01,sanfran,2005
poredaa01,sanfran,2006
poredaa01,sanfran,2007
poseybu01,floridast,2006
poseybu01,floridast,2007
poseybu01,floridast,2008
powella01,scarolina,2001
powella01,scarolina,2002
powella01,scarolina,2003
powella01,scarolina,2004
preslal01,olemiss,2004
preslal01,olemiss,2005
preslal01,olemiss,2006
priceda01,vandy,2005
priceda01,vandy,2006
priceda01,vandy,2007
princjo01,texas,2007
princjo01,tulane,2008
princjo01,tulane,2009
priorma01,vandy,1999
priorma01,usc,2000
priorma01,usc,2001
pryorst01,tntech,2010
pujolal01,momaple,1999
purceda01,oklahoma,2002
purceda01,oklahoma,2003
purceda01,oklahoma,2004
putkolu01,unc,2006
putkolu01,unc,2007
putnada01,stanford,2002
putnada01,stanford,2003
putnada01,stanford,2004
putnaza01,michigan,2006
putnaza01,michigan,2007
putnaza01,michigan,2008
quentca01,stanford,2001
quentca01,stanford,2002
quentca01,stanford,2003
quintom01,texas,2001
quintom01,texas,2002
quintom01,texas,2003
rabelmi01,tampa,1999
rabelmi01,tampa,2000
rabelmi01,tampa,2001
raburry01,sfcc,2000
raleybr01,texasam,2008
raleybr01,texasam,2009
ramosaj01,txtech,2006
ramosaj01,txtech,2007
ramosaj01,txtech,2008
ramosaj01,txtech,2009
ramosce01,longbeach,2003
ramosce01,longbeach,2004
ramosce01,longbeach,2005
rapadcl01,virginiast,2000
rapadcl01,virginiast,2001
rapadcl01,virginiast,2002
rasneda01,nevada,2000
rasneda01,nevada,2001
rasneda01,nevada,2002
raych01,willmary,2001
raych01,willmary,2002
raych01,willmary,2003
raynojo01,uncwilm,2003
raynojo01,uncwilm,2004
raynojo01,uncwilm,2005
raynojo01,uncwilm,2006
rayro01,texasam,2003
rayro01,texasam,2004
rayro01,texasam,2005
reckean01,alverniapa,2002
reckean01,alverniapa,2003
reckean01,alverniapa,2004
reckean01,alverniapa,2005
reedad01,sandiegost,2008
reedad01,sandiegost,2009
reedad01,sandiegost,2010
reeder01,texasam,2000
reeder01,texasam,2001
reeder01,texasam,2002
reedev01,calpoly,2005
reedev01,calpoly,2006
reedev01,calpoly,2007
reedje03,longbeach,2000
reedje03,longbeach,2001
reedje03,longbeach,2002
regisst01,auburn,2002
regisst01,auburn,2003
regisst01,auburn,2004
reidry01,jamesmad,2005
reidry01,jamesmad,2006
reimono01,bowlgreen,2003
reimono01,bowlgreen,2004
reimono01,bowlgreen,2005
reinech01,miamioh,2001
reinech01,miamioh,2002
reinech01,miamioh,2003
reinech01,miamioh,2004
rendoan01,rice,2009
rendoan01,rice,2010
rendoan01,rice,2011
reyesan01,usc,2000
reyesan01,usc,2001
reyesan01,usc,2002
reyesan01,usc,2003
reynogr01,stanford,2004
reynogr01,stanford,2005
reynogr01,stanford,2006
reynoma01,virginia,2002
reynoma01,virginia,2003
reynoma01,virginia,2004
reynoma02,austinpeay,2006
reynoma02,austinpeay,2007
rhymewi01,willmary,2002
rhymewi01,willmary,2003
rhymewi01,willmary,2004
rhymewi01,willmary,2005
richaan01,vandy,2004
richaan01,vandy,2005
richacl01,michigan,2005
richadu02,txtech,2005
richadu02,txtech,2006
richaga01,oklahoma,2007
richaga01,oklahoma,2008
richaga01,oklahoma,2009
riggash01,flinternat,1999
riggash01,flindia,2000
riggash01,flindia,2001
ringro01,sandiegost,2000
ringro01,sandiegost,2001
ringro01,sandiegost,2002
roberco01,birmsouth,2001
roberco01,birmsouth,2002
roberco01,birmsouth,2003
roberco01,birmsouth,2004
roberda08,alabama,2005
roberda08,alabama,2006
roberry01,txgalve,2000
roberry01,txeastf,2001
roberry01,utarl,2002
roberry01,utarl,2003
robinch02,illinois,2003
robinch02,illinois,2004
robinch02,illinois,2005
robincl01,troyst,2004
robincl01,troyst,2005
robincl01,troyst,2006
robincl01,troyst,2007
robinsh01,floridast,2004
robinsh01,floridast,2005
robinsh01,floridast,2006
rodried04,miamifl,2004
rodried04,miamifl,2005
rodried04,miamifl,2006
rodrijo05,rice,2004
rodrijo05,rice,2005
rodrijo05,rice,2006
rodrist02,florida,2010
rodrist02,florida,2011
rodrist02,florida,2012
roenijo01,ucla,2003
roenijo01,ucla,2004
roenijo01,ucla,2005
roenijo01,ucla,2006
rogerbr01,georgiasou,2001
rogerbr01,georgiasou,2002
rogerbr01,georgiasou,2003
rohliry01,txclare,2003
rohliry01,oklahoma,2004
rohliry01,oklahoma,2005
rohliry01,oklahoma,2006
romerri01,calstfull,2003
romerri01,calstfull,2004
romerri01,calstfull,2005
rominan01,arizonast,2005
rominan01,arizonast,2006
rominan01,arizonast,2007
romose01,azweste,2002
romose01,azweste,2003
romose01,nalabama,2004
romose01,mesast,2005
rosalad01,wmichigan,2002
rosalad01,wmichigan,2003
rosalad01,wmichigan,2004
rosalad01,wmichigan,2005
rosalle01,calstnorth,2000
rosalle01,calstnorth,2001
rosalle01,calstnorth,2002
rosalle01,calstnorth,2003
rosenbj01,louisville,2004
rosenbj01,louisville,2005
rosenbj01,louisville,2006
rosenbj01,louisville,2008
rossty01,california,2006
rossty01,california,2007
rossty01,california,2008
rothmi01,scarolina,2009
rothmi01,scarolina,2010
rothmi01,scarolina,2011
rothmi01,scarolina,2012
rottivi01,wilacrosse,1999
rottivi01,wilacrosse,2000
rottivi01,wilacrosse,2001
rottivi01,wilacrosse,2002
rousemi01,sanjosest,1999
rousemi01,calstfull,2001
rufda01,creighton,2006
rufda01,creighton,2007
rufda01,creighton,2008
rufda01,creighton,2009
ruffich01,texas,2008
ruffich01,texas,2009
ruffich01,texas,2010
ruggiju01,txblinn,2001
ruggiju01,txblinn,2002
ruggiju01,texasam,2003
ruggiju01,texasam,2004
runzlda01,ucriver,2005
runzlda01,ucriver,2006
runzlda01,ucriver,2007
rupejo01,nclouis,2002
ruppca01,texas,2008
ruppca01,texas,2009
ruppca01,texas,2010
rusinch01,kentucky,2006
rusinch01,kentucky,2007
rusinch01,kentucky,2008
rusinch01,kentucky,2009
russead01,ohio,2002
russead01,ohio,2003
russead01,ohio,2004
russeja02,texas,2007
russoke01,baylor,2005
russoke01,baylor,2006
rutlejo01,alabama,2008
rutlejo01,alabama,2009
rutlejo01,alabama,2010
ryalru01,okstate,2004
ryalru01,okstate,2005
ryanbr01,lewclarkst,2001
ryanbr01,lewclarkst,2002
ryanbr01,lewclarkst,2003
ryandu01,camerce,2003
ryandu01,camerce,2004
rzepcma01,ucriver,2004
rzepcma01,ucriver,2005
rzepcma01,ucriver,2006
rzepcma01,ucriver,2007
saccoma01,baylor,1999
saccoma01,baylor,2000
saccoma01,baylor,2001
saccoma01,baylor,2003
sadlebi01,flpensa,2001
sadlebi01,flpensa,2002
sadlebi01,lsu,2003
sadlera01,txhillj,1999
sadlera01,txhillj,2000
sadowry01,florida,2002
sadowry01,florida,2003
saenzch01,azpimcc,2001
salazje01,okconno,2000
salazje01,okconno,2001
salazje01,okstate,2002
salech01,flgulfc,2008
salech01,flgulfc,2009
salech01,flgulfc,2010
salmobr01,aljeffd,1999
samarje01,notredame,2004
samarje01,notredame,2005
samarje01,notredame,2006
sammocl01,georgia,2002
sammocl01,georgia,2003
sammocl01,georgia,2004
sanchga01,miamifl,2003
sanchga01,miamifl,2004
sanchjo01,ohdominican,2001
sanchjo01,ohdominican,2002
sanchjo01,ohdominican,2003
sanchjo01,ohdominican,2004
sanchto01,bostoncoll,2007
sanchto01,bostoncoll,2008
sanchto01,bostoncoll,2009
sandofr01,sandiego,2002
sandofr01,sandiego,2003
sandofr01,sandiego,2004
sandsje01,catawba,2006
sandsje01,catawba,2007
sandsje01,catawba,2008
santoom01,moeastc,2000
santoom01,moeastc,2001
sappeda01,coastcar,2006
sappeda01,coastcar,2007
sappeda01,coastcar,2008
sarfade01,arizonast,2000
satinjo01,california,2004
satinjo01,california,2005
satinjo01,california,2006
satinjo01,california,2007
satinjo01,california,2008
saundjo01,vatech,2000
saundjo01,vatech,2001
saundjo01,vatech,2002
saverjo01,rice,2005
saverjo01,rice,2006
saverjo01,rice,2007
scahiro01,bradley,2006
scahiro01,bradley,2008
scahiro01,bradley,2009
schaflo01,calpoly,2007
schaflo01,calpoly,2008
schepta01,fresnost,2006
schepta01,fresnost,2007
schepta01,fresnost,2008
scherma01,missouri,2004
scherma01,missouri,2005
scherma01,missouri,2006
schiena01,cachabo,2003
schleda01,arizona,2006
schleda01,arizona,2007
schleda01,arizona,2008
schlibr01,charleston,2007
schmost01,maryland,2000
schmost01,maryland,2001
schmost01,maryland,2002
schmost01,maryland,2003
schumsk01,loyolamary,1999
schumsk01,ucsb,2000
schumsk01,ucsb,2001
schwimi01,virginia,2005
schwimi01,virginia,2006
schwimi01,virginia,2007
schwimi01,virginia,2008
scribev01,cconnst,2004
scribev01,cconnst,2005
scribev01,cconnst,2006
scribev01,cconnst,2007
seageky01,unc,2007
seageky01,unc,2008
seageky01,unc,2009
semiema01,california,2009
semiema01,california,2010
semiema01,california,2011
sharpjo01,allegheny,2002
sharpjo01,allegheny,2003
shawbr01,longbeach,2006
shawbr01,longbeach,2007
shawbr01,longbeach,2008
sheltch01,utslxxo,1999
sheltch01,utslxxo,2000
sheltch01,utah,2001
shoppke01,baylor,1999
shoppke01,baylor,2000
shoppke01,baylor,2001
shuckja01,ohiost,2006
shuckja01,ohiost,2007
shuckja01,ohiost,2008
sinkbbr01,swmost,2004
sinkbbr01,swmost,2005
sinkbbr01,swmost,2006
sippto01,flnwfsc,2002
sippto01,mcmgccc,2003
sippto01,clemson,2004
sizemsc01,vcu,2004
sizemsc01,vcu,2005
sizemsc01,vcu,2006
slamaan01,casajco,2004
slamaan01,casajco,2005
slamaan01,sandiego,2006
slatedo01,capierc,1999
slatedo01,capierc,2000
slocubr01,villanova,2000
slocubr01,villanova,2001
slocubr01,villanova,2002
sloweke01,winthrop,2003
sloweke01,winthrop,2004
sloweke01,winthrop,2005
smithbu03,txhowar,2009
smithbu03,txhowar,2010
smithbu03,oklahoma,2011
smithch07,ucriver,2000
smithch07,ucriver,2001
smithch07,ucriver,2002
smithgr02,lsu,2003
smithgr02,lsu,2004
smithgr02,lsu,2005
smithjo05,wrightst,2004
smithjo05,wrightst,2005
smithjo05,wrightst,2006
smithse01,olemiss,2002
smithse01,olemiss,2003
smithse01,olemiss,2004
smoakju01,scarolina,2006
smoakju01,scarolina,2007
smoakju01,scarolina,2008
smylydr01,arkansas,2009
smylydr01,arkansas,2010
snydebr02,ballst,2002
snydebr02,ballst,2003
snydech02,houston,2000
snydech02,houston,2001
snydech02,houston,2002
sogarer01,arizonast,2005
sogarer01,arizonast,2006
sogarer01,arizonast,2007
sonnaan01,kentst,2003
sonnaan01,kentst,2004
sowerje01,vandy,2002
sowerje01,vandy,2003
sowerje01,vandy,2004
speigle01,auburn,2000
speigle01,auburn,2001
speigle01,auburn,2002
speigle01,auburn,2003
spencjo01,arizonast,2009
stammcr01,dayton,2003
stammcr01,dayton,2004
stammcr01,dayton,2005
stangda01,ucriver,2004
stangda01,ucriver,2005
stangda01,ucriver,2006
stanscr01,txnctjc,2001
stanscr01,txnctjc,2002
stanscr01,rice,2003
staufti01,richmond,2001
staufti01,richmond,2002
staufti01,richmond,2003
stavini01,txsjjcn,2002
stavini01,txsjjcn,2003
stavini01,lsu,2004
stavini01,lsu,2005
sternad01,nebraska,1999
sternad01,nebraska,2000
sternad01,nebraska,2001
stettmi01,indianast,2000
stettmi01,indianast,2001
stettmi01,indianast,2002
stettmi01,indianast,2003
steveje01,loyolamary,2003
steveje01,loyolamary,2004
steveje01,loyolamary,2005
stewach01,carivcc,2001
stewaza01,txtech,2008
stockme01,azpimcc,1999
stockme01,arizonast,2000
stockme01,arizonast,2001
stoneto01,daviselkins,2005
stoneto01,daviselkins,2006
storedr01,stanford,2008
storedr01,stanford,2009
storemi01,flatlantic,2005
storemi01,flatlantic,2006
storemi01,flatlantic,2007
storemi01,flatlantic,2008
straida01,orweste,2007
straida01,marshall,2008
straida01,marshall,2009
strasst01,sandiegost,2007
strasst01,sandiegost,2008
strasst01,sandiegost,2009
streehu01,texas,2002
streehu01,texas,2003
streehu01,texas,2004
stromma01,duke,2010
stromma01,duke,2011
stromma01,duke,2012
stubbdr01,texas,2004
stubbdr01,texas,2005
stubbdr01,texas,2006
stutemi01,santaclara,2005
stutemi01,oregonst,2006
stutemi01,oregonst,2007
stutemi01,oregonst,2008
surkaer01,ncstate,2006
surkaer01,ncstate,2007
surkaer01,ncstate,2008
susdost01,fresnost,2005
susdost01,fresnost,2006
susdost01,fresnost,2007
susdost01,fresnost,2008
suttodr01,baylor,2004
suzukku01,calstfull,2002
suzukku01,calstfull,2003
suzukku01,calstfull,2004
swindrj01,charlsouth,2002
swindrj01,charlsouth,2003
swindrj01,charlsouth,2004
swishni01,ohiost,2000
swishni01,ohiost,2001
swishni01,ohiost,2002
tanketa01,alabama,2002
tanketa01,alabama,2003
tanketa01,alabama,2004
tatajo01,okwesle,2000
tatajo01,okwesle,2001
tatajo01,samhouston,2002
tatajo01,samhouston,2003
tatumcr01,missst,2003
tatumcr01,missst,2004
taubety01,waedmon,2002
taubety01,waedmon,2003
tayloan01,ncstate,2006
tayloan01,ncstate,2007
tayloan01,ncstate,2008
taylogr01,miamioh,2003
taylogr01,miamioh,2004
taylogr01,miamioh,2005
taylogr01,miamioh,2006
taylomi01,stanford,2005
taylomi01,stanford,2006
taylomi01,stanford,2007
teafoev01,georgiasou,2004
teafoev01,georgiasou,2005
teafoev01,georgiasou,2006
teagata01,texas,2003
teagata01,texas,2004
teagata01,texas,2005
teahema01,stmarysca,2000
teahema01,stmarysca,2001
teahema01,stmarysca,2002
teixema01,gatech,1999
teixema01,gatech,2000
teixema01,gatech,2001
tekotbl01,miamifl,2006
tekotbl01,miamifl,2007
tekotbl01,miamifl,2008
tepesni01,missouri,2008
tepesni01,missouri,2009
tepesni01,missouri,2010
terdojo01,miamifl,2008
terdojo01,longbeach,2010
thameer01,pepperdine,2007
thameer01,pepperdine,2008
thatcjo01,indianast,2001
thatcjo01,indianast,2002
thatcjo01,indianast,2003
thatcjo01,indianast,2004
thielca01,sdakotast,2006
thielca01,sdakotast,2007
thielca01,sdakotast,2008
thielca01,sdakotast,2009
thigpcu01,texas,2002
thigpcu01,texas,2003
thigpcu01,texas,2004
thomacl02,auburn,2003
thomacl02,auburn,2004
thomacl02,auburn,2005
thomaju01,youngst,2003
thomaju01,youngst,2004
thomaju01,youngst,2005
thompbr01,utdixie,2001
thompbr01,utdixie,2002
thornty01,charlsouth,2008
thornty01,charlsouth,2009
thornty01,charlsouth,2010
threeer01,camodes,2000
timpncl01,cflorida,2002
timpncl01,cflorida,2003
timpncl01,cflorida,2004
toddje01,arkansas,2007
tolbema01,olemiss,2001
tolbema01,olemiss,2002
tolbema01,olemiss,2003
tolbema01,olemiss,2004
tollesh01,baylor,2008
tollesh01,baylor,2009
tollesh01,baylor,2010
tollest01,scarolina,2003
tollest01,scarolina,2004
tollest01,scarolina,2005
tomlijo01,txtech,2006
toregwy01,vatech,2002
toregwy01,vatech,2003
toregwy01,vatech,2004
torreca01,sanjosest,2003
torreca01,kansasst,2004
towlejr01,txcolli,2003
towlejr01,txnctjc,2004
tracese01,cacitru,2000
tracese01,cacitru,2001
tracese01,ucirvine,2002
tracych01,ecarolina,1999
tracych01,ecarolina,2000
tracych01,ecarolina,2001
tulowtr01,longbeach,2003
tulowtr01,longbeach,2004
tulowtr01,longbeach,2005
turneju01,calstfull,2003
turneju01,calstfull,2004
turneju01,calstfull,2005
turneju01,calstfull,2006
ugglada01,memphis,1999
ugglada01,memphis,2000
ugglada01,memphis,2001
valaich01,ucsb,2004
valaich01,ucsb,2005
valaich01,ucsb,2006
valenda01,uncgreen,2004
valenda01,miamifl,2005
valenda01,miamifl,2006
vanbejo01,kentst,1999
vanbejo01,kentst,2000
vanbejo01,kentst,2001
vargaja01,lsu,2002
vargaja01,cacypre,2003
vargaja01,longbeach,2004
varvaan01,stjohns,2003
varvaan01,stjohns,2004
varvaan01,stjohns,2005
vasquan01,texasam,2006
vasquan01,usc,2007
vasquan01,usc,2008
vasquan01,usc,2009
vasquvi01,ucsb,2001
vasquvi01,ucsb,2002
vasquvi01,ucsb,2003
vealdo01,azpimcc,2005
venabwi01,princeton,2003
venabwi01,princeton,2004
venabwi01,princeton,2005
verdury01,lsu,2008
verlaju01,olddom,2002
verlaju01,olddom,2003
verlaju01,olddom,2004
vermija01,nmexico,2001
vermija01,nmexico,2002
vermija01,nmexico,2003
villael01,flinternat,2005
villael01,floridast,2008
vinceni01,longbeach,2008
wachami01,texasam,2010
wachami01,texasam,2011
wachami01,texasam,2012
wadeco01,kywesleyan,2002
wadeco01,kywesleyan,2003
wadeco01,kywesleyan,2004
wagnene01,ndstate,2003
wagnene01,ndstate,2004
wagnene01,ndstate,2005
wagnery01,houston,2002
wagnery01,houston,2003
wallabr01,arizonast,2006
wallabr01,arizonast,2007
wallabr01,arizonast,2008
waltepj01,salabama,2004
waltepj01,salabama,2005
waltepj01,salabama,2006
walteza01,sandiego,2008
walteza01,sandiego,2009
walteza01,sandiego,2010
warread01,unc,2006
warread01,unc,2007
warread01,unc,2008
warread01,unc,2009
wasseeh01,aljeffd,2000
wasseeh01,aljeffd,2001
wasseeh01,samford,2002
wasseeh01,samford,2003
waterch01,sfcc,2000
watsoto01,nebraska,2005
watsoto01,nebraska,2006
watsoto01,nebraska,2007
weaveje02,longbeach,2002
weaveje02,longbeach,2003
weaveje02,longbeach,2004
weberth01,nebraska,2007
weberth01,nebraska,2008
weeksje01,miamifl,2006
weeksje01,miamifl,2007
weeksje01,miamifl,2008
weeksri01,southernu,2001
weeksri01,southernu,2002
weeksri01,southernu,2003
weilaky01,notredame,2006
weilaky01,notredame,2007
weilaky01,notredame,2008
weinhro01,okstate,2007
weinhro01,okstate,2008
welkedu01,arkansas,2007
wellsca01,towson,2003
wellsca01,towson,2004
wellsca01,towson,2005
wellsja02,txtyler,2002
wellsja02,txsjjcn,2003
wellsra01,ilswijc,2001
wellsra01,ilswijc,2002
wheelry01,loyolamary,2007
wheelry01,loyolamary,2008
wheelry01,loyolamary,2009
whelake01,texasam,2003
whelake01,texasam,2004
whelake01,texasam,2005
whislwe01,ucla,2002
whislwe01,ucla,2003
whislwe01,ucla,2004
whiteal01,unc,2007
whiteal01,unc,2008
whiteal01,unc,2009
whitejo03,loyolamary,2001
whitejo03,loyolamary,2002
whitejo03,loyolamary,2003
whitese02,washington,2000
whitese02,washington,2001
whitese02,washington,2002
whitese02,washington,2003
wietema01,gatech,2005
wietema01,gatech,2006
wietema01,gatech,2007
wilkad01,longbeach,2007
wilkad01,longbeach,2008
wilkad01,longbeach,2009
willire03,oksemin,2000
willire03,oksemin,2001
willire03,oklahoma,2002
willire03,oklahoma,2003
wilsoal01,texasam,2009
wilsobo02,flstpet,2002
wilsobo02,flstpet,2003
wilsobr01,lsu,2001
wilsobr01,lsu,2002
wilsocj01,casajco,1999
wilsocj01,casajco,2000
wilsocj01,loyolamary,2001
wilsoju10,fresnost,2006
wilsoju10,fresnost,2007
wilsoju10,fresnost,2008
windsja01,cawvjco,2001
windsja01,cawvjco,2002
windsja01,calstfull,2003
windsja01,calstfull,2004
wolfro01,ilwabas,2002
wongko01,hawaii,2009
wongko01,hawaii,2010
wongko01,hawaii,2011
woodal02,georgia,2010
woodal02,georgia,2011
woodal02,georgia,2012
woodbl01,gatech,2004
woodbl01,gatech,2005
woodbl01,gatech,2006
woodmi01,nflorida,1999
woodmi01,nflorida,2000
woodmi01,nflorida,2001
woodsja01,cabakjc,2001
wootero01,unc,2005
wootero01,unc,2006
wootero01,unc,2007
wootero01,unc,2008
workmbr01,texas,2008
workmbr01,texas,2009
workmbr01,texas,2010
worleva01,longbeach,2006
worleva01,longbeach,2007
worleva01,longbeach,2008
worrema01,flindia,2002
worrema01,arizona,2003
worrema01,flinternat,2004
worthda01,pepperdine,2005
worthda01,pepperdine,2006
worthda01,pepperdine,2007
wrighst01,hawaii,2004
wrighst01,hawaii,2005
wrighst01,hawaii,2006
youngde04,carivcc,2001
youngde04,casbcco,2002
zagurmi01,kshutch,2002
zagurmi01,kshutch,2003
zagurmi01,kansas,2004
zagurmi01,kansas,2005
zavadcl01,silledward,2005
zavadcl01,silledward,2006
zawadla01,sandiegost,2004
zawadla01,sandiegost,2005
zawadla01,sandiegost,2006
zeidjo01,vandy,2006
zeidjo01,vandy,2007
zeidjo01,tulane,2008
zeidjo01,tulane,2009
zimmejo02,wistvnspt,2005
zimmejo02,wistvnspt,2006
zimmejo02,wistvnspt,2007
zimmery01,virginia,2003
zimmery01,virginia,2004
zimmery01,virginia,2005
zobribe01,olivetnaz,2001
zobribe01,olivetnaz,2002
zobribe01,olivetnaz,2003
zobribe01,dallasbapt,2004
zuninmi01,florida,2010
zuninmi01,florida,2011
zuninmi01,florida,2012
