playerID,yearID,round,teamID,lgID,W,L,G,GS,CG,SHO,SV,IPouts,H,ER,HR,BB,SO,BAOpp,ERA,IBB,WP,HBP,BK,BFP,GF,R,SH,SF,GIDP
sabatcc01,2001,ALDS1,CLE,AL,1,0,1,1,0,0,0,18,6,2,0,5,5,0.26,3,1,0,0,0,28,0,2,0,0,0
rodrifr03,2002,ALCS,ANA,AL,2,0,4,0,0,0,0,13,2,0,0,2,7,0.14,0,0,1,0,0,17,0,0,0,1,0
rodrifr03,2002,ALDS1,ANA,AL,2,0,3,0,0,0,0,17,2,2,1,2,8,0.1,3.18,0,1,0,0,21,0,2,0,0,0
rodrifr03,2002,WS,ANA,AL,1,1,4,0,0,0,0,26,6,2,1,1,13,0.19,2.08,0,1,0,0,32,1,3,0,0,0
harderi01,2003,ALDS2,OAK,AL,1,1,2,0,0,0,0,4,2,2,1,2,1,0.33,13.5,1,1,0,0,8,2,2,0,0,0
priorma01,2003,NLCS,CHN,NL,1,1,2,2,0,0,0,43,14,5,2,5,11,0.24,3.14,0,1,0,0,63,0,8,0,0,0
zambrca01,2003,NLCS,CHN,NL,0,1,2,2,0,0,0,33,14,7,4,5,8,0.31,5.73,0,1,1,0,52,0,8,0,1,0
beckejo02,2003,NLCS,FLO,NL,1,0,3,2,1,1,0,58,11,7,3,2,19,0.16,3.26,0,0,0,0,71,0,7,1,0,1
willido03,2003,NLCS,FLO,NL,0,1,2,1,0,0,0,10,4,7,1,6,4,0.3,18.9,0,1,0,0,20,0,7,1,0,0
beckejo02,2003,NLDS1,FLO,NL,0,1,1,1,0,0,0,21,2,1,0,5,9,0.08,1.29,1,1,0,0,28,0,1,0,0,0
willido03,2003,NLDS1,FLO,NL,0,0,2,1,0,0,0,17,7,5,0,2,3,0.31,7.94,0,0,0,0,26,0,5,0,2,0
willije02,2003,NLDS1,SFN,NL,0,0,1,1,0,0,0,6,5,3,0,1,1,0.45,13.5,0,0,0,0,13,0,3,1,0,0
priorma01,2003,NLDS2,CHN,NL,1,0,1,1,1,0,0,27,2,1,0,4,7,0.07,1,0,1,1,0,34,0,1,0,1,1
zambrca01,2003,NLDS2,CHN,NL,0,0,1,1,0,0,0,17,11,3,0,0,4,0.4,4.76,0,0,0,0,28,0,3,1,0,0
beckejo02,2003,WS,FLO,NL,1,1,2,2,1,1,0,49,8,2,0,5,19,0.14,1.1,0,0,1,0,61,0,2,1,0,2
willido03,2003,WS,FLO,NL,0,0,3,0,0,0,0,11,4,0,0,2,3,0.26,0,0,0,0,0,17,0,0,0,0,0
rodrifr03,2004,ALDS1,ANA,AL,0,2,2,0,0,0,0,14,4,2,0,3,5,0.23,3.86,1,2,1,0,22,0,2,0,1,0
crainje01,2004,ALDS2,MIN,AL,0,0,1,0,0,0,0,1,1,0,0,0,0,0.5,0,0,0,0,0,2,0,0,0,0,0
harenda01,2004,NLCS,SLN,NL,0,0,2,0,0,0,0,5,3,2,1,0,2,0.37,10.8,0,0,0,0,8,0,2,0,0,0
brazoyh01,2004,NLDS1,LAN,NL,0,0,2,0,0,0,0,9,1,1,0,2,2,0.1,3,0,0,1,0,13,1,1,0,0,0
harenda01,2004,NLDS1,SLN,NL,1,0,1,0,0,0,0,6,1,0,0,1,3,0.14,0,0,0,0,0,8,0,0,0,0,0
harenda01,2004,WS,SLN,NL,0,0,2,0,0,0,0,14,4,0,0,3,2,0.22,0,0,0,0,0,21,0,0,0,0,0
cottsne01,2005,ALCS,CHA,AL,0,0,1,0,0,0,0,2,0,0,0,0,0,0,0,0,0,0,0,2,1,0,0,0,0
rodrifr03,2005,ALCS,LAA,AL,0,0,2,0,0,0,1,7,2,0,0,3,3,0.25,0,0,0,0,0,12,2,2,0,1,0
santaer01,2005,ALCS,LAA,AL,0,1,1,1,0,0,0,13,3,5,2,3,2,0.18,10.38,0,0,1,0,20,0,6,0,0,0
papeljo01,2005,ALDS1,BOS,AL,0,0,2,0,0,0,0,12,2,0,0,0,2,0.14,0,0,0,0,0,14,1,0,0,0,0
cottsne01,2005,ALDS1,CHA,AL,0,0,1,0,0,0,0,1,0,0,0,0,0,0,0,0,0,0,0,1,0,0,0,0,0
jenksbo01,2005,ALDS1,CHA,AL,0,0,2,0,0,0,2,9,1,0,0,1,1,0.1,0,0,0,0,0,11,2,0,0,0,0
rodrifr03,2005,ALDS2,LAA,AL,0,0,3,0,0,0,2,10,5,1,1,0,2,0.35,2.7,0,0,0,0,14,3,1,0,0,1
santaer01,2005,ALDS2,LAA,AL,1,0,1,0,0,0,0,16,5,3,1,2,2,0.26,5.06,0,0,1,0,23,0,3,0,1,0
wangch01,2005,ALDS2,NYA,AL,0,1,1,1,0,0,0,20,6,1,1,0,1,0.23,1.35,0,0,1,0,29,0,4,2,0,0
thompbr01,2005,NLCS,SLN,NL,0,0,2,0,0,0,0,3,2,0,0,0,0,0.4,0,0,0,0,0,5,0,0,0,0,0
peavyja01,2005,NLDS1,SDN,NL,0,1,1,1,0,0,0,13,8,8,2,3,3,0.4,16.62,2,1,0,0,23,0,8,0,0,1
thompbr01,2005,NLDS1,SLN,NL,0,0,2,0,0,0,0,4,3,2,1,0,1,0.5,13.5,0,0,0,0,7,0,2,0,1,0
devinjo01,2005,NLDS2,ATL,NL,0,1,3,0,0,0,0,5,3,2,1,1,3,0.37,,1,0,1,0,10,1,2,0,0,0
mcbrima01,2005,NLDS2,ATL,NL,0,0,1,0,0,0,0,3,0,0,0,0,1,0,0,0,0,0,0,3,1,0,0,0,0
cottsne01,2005,WS,CHA,AL,1,0,4,0,0,0,0,4,1,0,0,1,2,0.2,,0,0,0,0,6,1,0,0,0,0
jenksbo01,2005,WS,CHA,AL,0,0,4,0,0,0,2,15,3,2,0,2,7,0.17,3.6,0,0,1,0,21,2,2,1,0,0
bondeje01,2006,ALCS,DET,AL,0,0,1,1,0,0,0,20,6,3,1,2,3,0.23,4.05,0,1,0,0,28,0,3,0,0,0
ledezwi01,2006,ALCS,DET,AL,1,0,2,0,0,0,0,8,2,1,1,1,1,0.2,3.38,0,0,0,0,11,1,1,0,0,0
verlaju01,2006,ALCS,DET,AL,1,0,1,1,0,0,0,16,7,4,2,1,6,0.3,6.75,0,1,0,1,24,0,4,0,0,0
zumayjo01,2006,ALCS,DET,AL,0,0,1,0,0,0,0,3,1,1,0,0,0,0.25,9,0,0,0,0,4,0,1,0,0,0
blantjo01,2006,ALCS,OAK,AL,0,0,1,0,0,0,0,6,0,0,0,2,2,0,0,0,0,0,0,8,1,0,0,0,0
gaudich01,2006,ALCS,OAK,AL,0,0,3,0,0,0,0,10,2,0,0,3,1,0.18,0,1,0,0,0,15,0,0,1,0,0
harderi01,2006,ALCS,OAK,AL,0,1,1,1,0,0,0,17,5,3,1,5,4,0.23,4.76,0,0,0,0,26,0,3,0,0,1
harenda01,2006,ALCS,OAK,AL,0,0,1,1,0,0,0,15,7,3,1,2,7,0.33,5.4,0,2,0,0,23,0,3,0,0,0
streehu01,2006,ALCS,OAK,AL,0,1,2,0,0,0,0,10,4,4,2,0,3,0.3,10.8,0,0,0,0,13,2,4,0,0,1
bondeje01,2006,ALDS1,DET,AL,1,0,1,1,0,0,0,25,5,2,0,1,4,0.16,2.16,0,0,0,0,31,0,2,0,0,0
verlaju01,2006,ALDS1,DET,AL,0,0,1,1,0,0,0,16,7,3,1,4,5,0.31,5.06,0,0,0,0,26,0,3,0,0,1
zumayjo01,2006,ALDS1,DET,AL,0,0,2,0,0,0,0,6,0,0,0,0,3,0,0,0,0,0,0,6,0,0,0,0,0
brunebr01,2006,ALDS1,NYA,AL,0,0,3,0,0,0,0,8,1,1,1,0,4,0.12,3.38,0,0,0,0,9,1,1,0,1,0
wangch01,2006,ALDS1,NYA,AL,1,0,1,1,0,0,0,20,8,3,1,1,4,0.3,4.05,0,0,0,0,27,0,3,0,0,1
bonsebo01,2006,ALDS2,MIN,AL,0,0,1,1,0,0,0,18,7,2,0,1,3,0.29,3,0,0,0,0,25,0,2,0,0,1
crainje01,2006,ALDS2,MIN,AL,0,0,2,0,0,0,0,3,3,1,1,1,1,0.42,9,0,0,0,0,8,0,3,0,0,0
neshepa01,2006,ALDS2,MIN,AL,0,1,2,0,0,0,0,3,1,1,0,0,1,0.25,9,0,0,0,0,4,1,1,0,0,0
perkigl01,2006,ALDS2,MIN,AL,0,0,1,0,0,0,0,1,2,0,0,0,0,0.66,0,0,0,0,0,3,0,0,0,0,0
harenda01,2006,ALDS2,OAK,AL,1,0,1,1,0,0,0,18,9,2,1,1,2,0.37,3,0,0,0,0,26,0,2,1,0,1
streehu01,2006,ALDS2,OAK,AL,0,0,3,0,0,0,2,9,4,1,0,1,1,0.33,3,0,0,0,0,13,3,1,0,0,1
mainejo01,2006,NLCS,NYN,NL,1,0,2,2,0,0,0,28,4,3,1,9,8,0.12,2.89,1,0,1,0,43,0,4,0,0,0
perezol01,2006,NLCS,NYN,NL,1,0,2,2,0,0,0,35,13,6,3,3,7,0.29,4.63,1,0,1,0,50,0,6,2,0,2
johnsty01,2006,NLCS,SLN,NL,0,0,4,0,0,0,0,11,2,1,0,1,5,0.14,2.45,0,0,1,0,16,1,1,0,0,0
reyesan01,2006,NLCS,SLN,NL,0,0,1,1,0,0,0,12,3,2,2,4,4,0.2,4.5,0,0,0,0,19,0,2,0,0,0
thompbr01,2006,NLCS,SLN,NL,0,1,2,0,0,0,0,2,3,2,1,0,1,0.5,27,0,0,0,0,6,0,3,0,0,0
wainwad01,2006,NLCS,SLN,NL,0,0,3,0,0,0,2,9,2,0,0,1,4,0.18,0,0,0,0,0,12,3,0,0,0,0
billich01,2006,NLDS1,LAN,NL,0,0,2,0,0,0,0,6,1,0,0,0,3,0.16,0,0,0,0,0,6,0,0,0,0,1
broxtjo01,2006,NLDS1,LAN,NL,0,1,2,0,0,0,0,6,5,3,0,2,3,0.41,13.5,0,0,0,0,14,1,3,0,0,0
kuoho01,2006,NLDS1,LAN,NL,0,1,1,1,0,0,0,13,4,2,0,2,4,0.25,4.15,1,1,0,0,19,0,2,1,0,0
mainejo01,2006,NLDS1,NYN,NL,0,0,1,1,0,0,0,13,6,1,0,2,5,0.37,2.08,1,0,0,0,19,0,1,1,0,0
meredcl01,2006,NLDS2,SDN,NL,0,0,2,0,0,0,0,11,3,0,0,0,3,0.23,0,0,0,1,0,15,0,2,1,0,1
peavyja01,2006,NLDS2,SDN,NL,0,1,1,1,0,0,0,16,11,5,1,1,2,0.47,8.44,1,0,0,0,26,0,5,1,1,1
johnsty01,2006,NLDS2,SLN,NL,0,0,4,0,0,0,0,8,2,0,0,1,6,0.2,0,0,0,1,0,12,0,0,0,0,0
thompbr01,2006,NLDS2,SLN,NL,0,0,1,0,0,0,0,2,0,0,0,1,1,0,0,0,0,0,0,3,1,0,0,0,0
wainwad01,2006,NLDS2,SLN,NL,0,0,3,0,0,0,1,11,3,0,0,0,6,0.21,0,0,0,0,0,14,3,0,0,0,0
bondeje01,2006,WS,DET,AL,0,0,1,1,0,0,0,16,6,2,0,4,4,0.3,3.38,1,0,0,0,25,0,2,1,0,1
ledezwi01,2006,WS,DET,AL,0,0,2,0,0,0,0,4,2,0,0,0,1,0.33,0,0,0,0,0,6,0,0,0,0,0
minerza01,2006,WS,DET,AL,0,0,1,0,0,0,0,2,0,0,0,0,0,0,0,0,1,1,0,2,1,0,0,0,1
verlaju01,2006,WS,DET,AL,0,2,2,2,0,0,0,33,12,7,2,5,12,0.27,5.73,0,2,0,0,50,0,10,1,0,0
zumayjo01,2006,WS,DET,AL,0,1,3,0,0,0,0,9,1,1,0,3,3,0.09,3,0,1,0,0,14,2,3,0,0,0
johnsty01,2006,WS,SLN,NL,0,0,2,0,0,0,0,3,0,0,0,0,1,0,0,0,0,0,0,3,0,0,0,0,0
reyesan01,2006,WS,SLN,NL,1,0,1,1,0,0,0,24,4,2,1,1,4,0.14,2.25,0,0,0,0,29,0,2,0,0,0
thompbr01,2006,WS,SLN,NL,0,0,1,0,0,0,0,2,0,0,0,0,1,0,0,0,0,0,0,2,0,0,0,0,0
wainwad01,2006,WS,SLN,NL,1,0,3,0,0,0,1,9,2,0,0,1,5,0.18,0,0,1,0,0,12,3,0,0,0,0
beckejo02,2007,ALCS,BOS,AL,2,0,2,2,0,0,0,42,9,3,1,1,18,0.18,1.93,0,1,1,0,52,0,3,0,0,2
delcama01,2007,ALCS,BOS,AL,0,0,3,0,0,0,0,5,4,3,1,2,3,0.44,16.2,0,0,0,0,11,1,3,0,0,0
lestejo01,2007,ALCS,BOS,AL,0,0,2,0,0,0,0,11,3,2,1,1,5,0.21,4.91,0,0,0,0,15,2,2,0,0,0
matsuda01,2007,ALCS,BOS,AL,1,1,2,2,0,0,0,29,12,6,1,2,9,0.3,5.59,0,2,0,0,42,0,6,0,1,0
papeljo01,2007,ALCS,BOS,AL,0,0,3,0,0,0,1,15,3,0,0,2,3,0.16,0,1,0,0,0,20,2,0,0,0,0
carmofa01,2007,ALCS,CLE,AL,0,1,2,2,0,0,0,18,10,11,1,9,7,0.38,16.5,0,0,0,0,35,0,11,0,0,2
laffeaa01,2007,ALCS,CLE,AL,0,0,1,0,0,0,0,14,1,0,0,1,3,0.06,0,0,0,0,0,16,0,0,0,0,0
lewisje01,2007,ALCS,CLE,AL,0,0,5,0,0,0,0,17,6,4,2,0,3,0.28,6.35,0,0,0,0,21,1,4,0,0,2
mastnto01,2007,ALCS,CLE,AL,1,0,3,0,0,0,0,14,2,0,0,2,3,0.14,0,0,0,0,0,18,1,0,0,2,0
perezra01,2007,ALCS,CLE,AL,0,0,3,0,0,0,0,3,7,5,2,2,0,0.63,45,0,0,0,0,13,0,8,0,0,0
sabatcc01,2007,ALCS,CLE,AL,0,2,2,2,0,0,0,31,17,12,1,7,9,0.4,10.45,1,1,3,0,53,0,12,1,0,3
beckejo02,2007,ALDS1,BOS,AL,1,0,1,1,1,1,0,27,4,0,0,0,8,0.12,0,0,1,0,0,31,0,0,0,0,0
delcama01,2007,ALDS1,BOS,AL,0,0,1,0,0,0,0,4,0,0,0,0,1,0,0,0,0,1,0,5,0,0,0,0,0
matsuda01,2007,ALDS1,BOS,AL,0,0,1,1,0,0,0,14,7,3,0,3,3,0.33,5.79,0,1,0,0,24,0,3,0,0,0
papeljo01,2007,ALDS1,BOS,AL,1,0,1,0,0,0,0,4,0,0,0,2,1,0,0,0,0,0,0,7,1,0,0,0,0
moseldu01,2007,ALDS1,LAA,AL,0,0,1,0,0,0,0,3,1,0,0,0,1,0.33,0,0,0,0,0,3,1,0,0,0,1
rodrifr03,2007,ALDS1,LAA,AL,0,0,1,0,0,0,0,1,1,2,1,1,1,0.5,54,1,0,0,0,3,1,2,0,0,0
santaer01,2007,ALDS1,LAA,AL,0,0,1,0,0,0,0,6,0,0,0,0,2,0,0,0,0,0,0,6,1,0,0,0,0
weaveje02,2007,ALDS1,LAA,AL,0,1,1,1,0,0,0,15,4,2,2,3,5,0.22,3.6,0,0,0,0,21,0,2,0,0,1
carmofa01,2007,ALDS2,CLE,AL,0,0,1,1,0,0,0,27,3,1,1,2,5,0.1,1,0,0,0,0,31,0,1,0,0,2
lewisje01,2007,ALDS2,CLE,AL,0,0,2,0,0,0,0,6,0,0,0,0,4,0,0,0,0,0,0,6,0,0,0,0,0
perezra01,2007,ALDS2,CLE,AL,1,0,3,0,0,0,0,18,3,1,1,1,6,0.15,1.5,0,0,0,0,21,1,1,0,0,1
sabatcc01,2007,ALDS2,CLE,AL,1,0,1,1,0,0,0,15,4,3,2,6,5,0.22,5.4,1,0,0,0,24,0,3,0,0,0
chambjo03,2007,ALDS2,NYA,AL,0,0,2,0,0,0,0,11,3,2,0,3,4,0.25,4.91,0,2,1,0,17,0,2,1,0,1
hugheph01,2007,ALDS2,NYA,AL,1,0,2,0,0,0,0,17,3,1,1,0,6,0.14,1.59,0,1,0,0,21,1,1,0,0,0
ohlenro01,2007,ALDS2,NYA,AL,0,0,1,0,0,0,0,3,4,3,1,1,0,0.57,27,0,0,1,0,9,0,3,0,0,0
verasjo01,2007,ALDS2,NYA,AL,0,0,2,0,0,0,0,2,1,0,0,1,1,0.33,0,1,0,0,0,4,0,0,0,0,0
wangch01,2007,ALDS2,NYA,AL,0,2,2,2,0,0,0,17,14,12,3,4,2,0.5,19.06,0,0,2,0,34,0,12,0,0,1
nippedu01,2007,NLCS,ARI,NL,0,0,2,0,0,0,0,7,1,0,0,0,2,0.12,0,0,0,0,0,8,1,0,0,0,0
owingmi01,2007,NLCS,ARI,NL,0,1,1,1,0,0,0,11,6,2,1,2,2,0.33,4.91,0,0,1,0,21,0,6,0,0,0
penato03,2007,NLCS,ARI,NL,0,0,3,0,0,0,0,10,1,0,0,0,7,0.09,0,0,0,0,0,11,1,0,0,0,0
slatedo01,2007,NLCS,ARI,NL,0,0,3,0,0,0,0,4,1,0,0,2,1,0.2,0,1,1,0,0,7,1,0,0,0,0
corpama01,2007,NLCS,COL,NL,1,0,4,0,0,0,2,16,3,1,0,0,3,0.16,1.69,0,0,1,0,19,3,1,0,0,0
francje01,2007,NLCS,COL,NL,1,0,1,1,0,0,0,20,7,1,0,1,4,0.29,1.35,0,0,2,0,27,0,1,0,0,2
jimenub01,2007,NLCS,COL,NL,0,0,1,1,0,0,0,15,5,1,0,4,6,0.26,1.8,1,1,0,0,23,0,1,0,0,0
moralfr01,2007,NLCS,COL,NL,0,0,1,1,0,0,0,12,5,1,0,1,2,0.31,2.25,0,0,1,0,18,0,1,0,0,0
penato03,2007,NLDS1,ARI,NL,0,0,2,0,0,0,0,6,2,0,0,0,0,0.33,0,0,0,0,0,6,0,0,0,0,2
hartke01,2007,NLDS1,CHN,NL,0,0,1,0,0,0,0,3,0,2,0,2,2,0,18,0,1,0,0,5,0,2,0,0,0
hillri01,2007,NLDS1,CHN,NL,0,1,1,1,0,0,0,9,6,3,1,2,3,0.4,9,0,0,1,0,18,0,3,0,0,0
marmoca01,2007,NLDS1,CHN,NL,0,1,2,0,0,0,0,9,3,3,2,3,6,0.27,9,0,0,0,0,15,0,3,0,1,0
zambrca01,2007,NLDS1,CHN,NL,0,0,1,1,0,0,0,18,4,1,1,1,8,0.19,1.5,0,0,0,0,22,0,1,0,0,1
corpama01,2007,NLDS2,COL,NL,0,0,3,0,0,0,3,10,2,0,0,0,3,0.16,0,0,0,0,0,12,3,0,0,0,0
francje01,2007,NLDS2,COL,NL,1,0,1,1,0,0,0,18,4,2,2,2,8,0.19,3,0,0,0,0,23,0,2,0,0,1
jimenub01,2007,NLDS2,COL,NL,0,0,1,1,0,0,0,19,3,1,1,4,5,0.14,1.42,0,0,0,0,25,0,1,0,0,1
moralfr01,2007,NLDS2,COL,NL,0,0,1,1,0,0,0,9,3,3,1,2,3,0.27,9,0,0,1,0,14,0,3,0,0,0
hamelco01,2007,NLDS2,PHI,NL,0,1,1,1,0,0,0,20,3,3,0,4,7,0.13,4.05,0,0,0,0,27,0,3,1,0,0
kendrky01,2007,NLDS2,PHI,NL,0,1,1,1,0,0,0,11,5,5,2,2,2,0.31,12.27,1,0,0,0,18,0,5,0,0,0
myersbr01,2007,NLDS2,PHI,NL,0,0,2,0,0,0,0,4,2,0,0,0,3,0.33,0,0,0,0,0,6,2,0,0,0,0
beckejo02,2007,WS,BOS,AL,1,0,1,1,0,0,0,21,6,1,0,1,9,0.23,1.29,0,0,0,0,27,0,1,0,0,1
delcama01,2007,WS,BOS,AL,0,0,2,0,0,0,0,4,3,1,1,1,1,0.42,6.75,0,0,0,0,8,0,1,0,0,0
lestejo01,2007,WS,BOS,AL,1,0,1,1,0,0,0,17,3,0,0,3,3,0.15,0,0,0,0,0,23,0,0,0,0,0
matsuda01,2007,WS,BOS,AL,1,0,1,1,0,0,0,16,3,2,0,3,5,0.15,3.38,0,0,1,0,23,0,2,0,0,0
papeljo01,2007,WS,BOS,AL,0,0,3,0,0,0,3,13,2,0,0,0,3,0.14,0,0,0,0,0,14,3,0,0,0,0
corpama01,2007,WS,COL,NL,0,0,2,0,0,0,0,5,1,0,0,0,1,0.16,0,0,0,0,0,6,2,0,0,0,0
francje01,2007,WS,COL,NL,0,1,1,1,0,0,0,12,10,6,1,3,3,0.45,13.5,2,0,0,0,25,0,6,0,0,0
jimenub01,2007,WS,COL,NL,0,1,1,1,0,0,0,14,3,2,0,5,2,0.18,3.86,0,0,1,0,23,0,2,0,1,0
moralfr01,2007,WS,COL,NL,0,0,2,0,0,0,0,9,7,7,0,1,1,0.43,21,0,0,0,1,17,0,7,0,0,0
beckejo02,2008,ALCS,BOS,AL,1,0,2,2,0,0,0,28,13,10,5,2,8,0.34,9.64,0,0,1,0,41,0,10,0,0,1
delcama01,2008,ALCS,BOS,AL,0,0,3,0,0,0,0,6,3,7,0,5,2,0.33,,0,0,0,0,14,0,7,0,0,0
lestejo01,2008,ALCS,BOS,AL,0,2,2,2,0,0,0,38,14,7,3,2,15,0.27,4.97,0,0,0,0,53,0,8,0,0,0
masteju01,2008,ALCS,BOS,AL,1,0,5,0,0,0,0,17,4,1,0,2,6,0.22,1.59,0,0,1,0,21,1,1,0,0,2
matsuda01,2008,ALCS,BOS,AL,1,0,2,2,0,0,0,33,9,5,3,6,11,0.21,4.09,0,1,0,0,48,0,5,0,0,0
papeljo01,2008,ALCS,BOS,AL,0,0,4,0,0,0,2,16,1,0,0,1,6,0.06,0,1,0,0,0,17,2,0,0,0,1
garzama01,2008,ALCS,TBA,AL,2,0,2,2,0,0,0,39,8,2,1,6,14,0.17,1.38,0,0,1,0,54,0,2,0,0,0
howeljp01,2008,ALCS,TBA,AL,0,1,6,0,0,0,0,16,5,2,0,3,6,0.25,,1,0,1,0,25,1,2,0,1,1
jacksed01,2008,ALCS,TBA,AL,0,0,2,0,0,0,0,7,0,0,0,2,4,0,0,0,0,0,0,9,2,0,0,0,0
kazmisc01,2008,ALCS,TBA,AL,0,0,2,2,0,0,0,31,8,5,3,6,9,0.2,4.35,0,1,1,0,46,0,5,0,0,0
priceda01,2008,ALCS,TBA,AL,1,0,3,0,0,0,1,7,0,0,0,2,4,0,0,0,0,0,0,9,3,0,0,0,0
shielja02,2008,ALCS,TBA,AL,0,2,2,2,0,0,0,39,15,5,2,5,9,0.29,3.46,0,0,0,0,57,0,6,0,1,1
sonnaan01,2008,ALCS,TBA,AL,1,0,1,1,0,0,0,22,6,3,1,1,2,0.21,3.68,0,0,0,0,29,0,4,0,0,1
beckejo02,2008,ALDS1,BOS,AL,0,0,1,1,0,0,0,15,9,4,2,4,6,0.37,7.2,0,0,0,0,28,0,4,0,0,0
delcama01,2008,ALDS1,BOS,AL,1,0,2,0,0,0,0,7,1,0,0,0,1,0.14,0,0,0,1,0,8,1,0,0,0,0
lestejo01,2008,ALDS1,BOS,AL,1,0,2,2,0,0,0,42,10,0,0,3,11,0.18,0,0,0,0,0,56,0,1,0,0,0
masteju01,2008,ALDS1,BOS,AL,0,0,4,0,0,0,0,12,6,1,0,3,3,0.4,2.25,0,0,0,0,19,0,2,1,0,0
matsuda01,2008,ALDS1,BOS,AL,0,0,1,1,0,0,0,15,8,3,0,3,5,0.34,5.4,0,0,0,0,26,0,3,0,0,0
papeljo01,2008,ALDS1,BOS,AL,1,0,3,0,0,0,1,15,2,0,0,1,7,0.12,0,0,0,0,0,18,2,0,0,1,0
arredjo01,2008,ALDS1,LAA,AL,0,0,3,0,0,0,0,11,2,0,0,2,4,0.15,0,0,0,0,0,15,1,0,0,0,0
rodrifr03,2008,ALDS1,LAA,AL,0,1,2,0,0,0,0,7,5,2,1,2,2,0.45,7.71,0,0,0,0,13,1,2,0,0,1
santaer01,2008,ALDS1,LAA,AL,0,0,1,1,0,0,0,16,8,5,1,0,3,0.3,8.44,0,0,0,0,26,0,5,0,0,0
saundjo01,2008,ALDS1,LAA,AL,0,0,1,1,0,0,0,14,5,4,0,4,2,0.27,7.71,0,0,1,0,23,0,4,0,0,1
weaveje02,2008,ALDS1,LAA,AL,1,0,1,0,0,0,0,6,1,0,0,1,3,0.14,0,0,0,0,0,8,1,0,0,0,0
danksjo01,2008,ALDS2,CHA,AL,1,0,1,1,0,0,0,20,7,3,1,3,7,0.25,4.05,0,0,0,0,30,0,3,0,0,0
floydga01,2008,ALDS2,CHA,AL,0,1,1,1,0,0,0,9,5,4,2,2,4,0.35,12,0,0,0,0,16,0,4,0,0,0
jenksbo01,2008,ALDS2,CHA,AL,0,0,1,0,0,0,1,3,1,0,0,0,1,0.25,0,0,0,0,0,4,1,0,0,0,0
richacl01,2008,ALDS2,CHA,AL,0,0,2,0,0,0,0,19,5,1,0,3,6,0.22,1.42,0,0,0,0,25,0,1,0,0,1
garzama01,2008,ALDS2,TBA,AL,0,1,1,1,0,0,0,18,7,5,0,4,4,0.3,7.5,0,1,0,0,28,0,5,0,1,1
howeljp01,2008,ALDS2,TBA,AL,0,0,3,0,0,0,0,13,2,0,0,0,6,0.13,0,0,0,0,0,15,0,0,0,0,0
kazmisc01,2008,ALDS2,TBA,AL,1,0,1,1,0,0,0,16,8,2,0,2,4,0.36,3.38,0,0,1,0,27,0,2,1,1,0
shielja02,2008,ALDS2,TBA,AL,1,0,1,1,0,0,0,19,6,3,1,1,4,0.26,4.26,0,0,1,0,26,0,3,1,0,0
sonnaan01,2008,ALDS2,TBA,AL,1,0,1,1,0,0,0,17,3,2,2,1,4,0.15,3.18,0,0,0,0,21,0,2,0,0,0
billich01,2008,NLCS,LAN,NL,0,2,2,2,0,0,0,15,12,10,1,7,9,0.46,18,2,1,0,0,33,0,11,0,0,1
broxtjo01,2008,NLCS,LAN,NL,0,0,2,0,0,0,0,7,3,1,1,1,2,0.33,3.86,0,0,0,0,10,2,1,0,0,0
kershcl01,2008,NLCS,LAN,NL,0,0,2,0,0,0,0,6,1,1,0,2,1,0.16,4.5,0,0,0,0,9,0,1,1,0,0
kuoho01,2008,NLCS,LAN,NL,0,0,3,0,0,0,0,9,2,1,0,0,3,0.2,3,0,0,0,0,10,2,1,0,0,1
mcdonja03,2008,NLCS,LAN,NL,0,0,2,0,0,0,0,16,3,0,0,2,7,0.15,0,0,0,0,0,21,0,0,0,0,0
wadeco01,2008,NLCS,LAN,NL,0,1,4,0,0,0,0,11,3,2,1,0,2,0.21,4.91,0,0,0,0,14,1,2,0,0,0
blantjo01,2008,NLCS,PHI,NL,0,0,1,1,0,0,0,15,7,3,0,4,4,0.35,5.4,2,0,0,0,24,0,3,0,0,1
hamelco01,2008,NLCS,PHI,NL,2,0,2,2,0,0,0,42,11,3,1,5,13,0.22,1.93,0,0,0,0,55,0,3,0,1,3
happja01,2008,NLCS,PHI,NL,0,0,1,0,0,0,0,9,4,1,0,2,2,0.36,3,0,0,0,0,13,0,1,0,0,0
madsory01,2008,NLCS,PHI,NL,1,0,4,0,0,0,0,15,4,0,0,1,4,0.23,0,0,0,0,0,19,0,0,1,0,0
myersbr01,2008,NLCS,PHI,NL,1,0,1,1,0,0,0,15,6,5,1,4,6,0.27,9,1,1,0,0,26,0,5,0,0,1
cottsne01,2008,NLDS1,CHN,NL,0,0,2,0,0,0,0,5,1,0,0,1,3,0.16,0,0,0,0,0,7,1,0,0,0,0
harderi01,2008,NLDS1,CHN,NL,0,1,1,1,0,0,0,13,5,3,0,3,4,0.27,6.23,2,0,0,0,21,0,3,0,0,0
marmoca01,2008,NLDS1,CHN,NL,0,0,2,0,0,0,0,8,3,2,0,0,3,0.3,6.75,0,0,0,0,11,0,2,1,0,0
marshse01,2008,NLDS1,CHN,NL,0,0,2,0,0,0,0,10,2,1,1,1,5,0.16,2.7,0,0,0,0,13,0,1,0,0,0
samarje01,2008,NLDS1,CHN,NL,0,0,1,0,0,0,0,3,2,1,0,0,0,0.5,9,0,0,0,0,4,0,1,0,0,1
zambrca01,2008,NLDS1,CHN,NL,0,1,1,1,0,0,0,19,6,3,1,2,7,0.22,4.26,0,0,1,0,30,0,7,0,0,1
billich01,2008,NLDS1,LAN,NL,1,0,1,1,0,0,0,20,5,1,0,1,7,0.2,1.35,0,1,0,0,25,0,1,0,0,1
broxtjo01,2008,NLDS1,LAN,NL,0,0,3,0,0,0,1,10,0,0,0,2,5,0,0,0,0,0,0,12,2,0,0,0,0
wadeco01,2008,NLDS1,LAN,NL,0,0,3,0,0,0,0,11,3,1,0,0,2,0.21,2.45,0,1,0,0,14,0,1,0,0,0
gallayo01,2008,NLDS2,MIL,NL,0,1,2,1,0,0,0,21,4,0,0,5,4,0.16,0,1,0,0,0,30,0,3,1,0,1
mccluse01,2008,NLDS2,MIL,NL,0,0,1,0,0,0,0,6,2,0,0,3,1,0.25,0,1,0,0,0,11,0,0,0,0,0
parrama01,2008,NLDS2,MIL,NL,0,0,2,0,0,0,0,7,2,0,0,1,3,0.25,0,0,0,0,0,9,0,0,0,0,1
sabatcc01,2008,NLDS2,MIL,NL,0,1,1,1,0,0,0,11,6,5,1,4,5,0.35,12.27,1,0,0,0,21,0,5,0,0,0
stettmi01,2008,NLDS2,MIL,NL,0,0,3,0,0,0,0,4,0,0,0,0,2,0,0,0,0,0,0,4,0,0,0,0,0
villaca01,2008,NLDS2,MIL,NL,0,0,2,0,0,0,0,11,0,0,0,0,3,0,0,0,0,0,0,11,0,0,0,0,0
blantjo01,2008,NLDS2,PHI,NL,1,0,1,1,0,0,0,18,5,1,1,0,7,0.21,1.5,0,0,0,0,23,0,1,0,0,0
hamelco01,2008,NLDS2,PHI,NL,1,0,1,1,0,0,0,24,2,0,0,1,9,0.07,0,0,0,0,0,27,0,0,0,0,0
madsory01,2008,NLDS2,PHI,NL,0,0,3,0,0,0,0,12,3,1,0,0,2,0.18,2.25,0,0,0,0,16,1,1,0,0,0
myersbr01,2008,NLDS2,PHI,NL,1,0,1,1,0,0,0,21,2,2,0,3,4,0.09,2.57,1,0,1,0,26,0,2,0,0,1
blantjo01,2008,WS,PHI,NL,1,0,1,1,0,0,0,18,4,2,2,2,7,0.18,3,0,0,1,0,25,0,2,0,0,0
hamelco01,2008,WS,PHI,NL,1,0,2,2,0,0,0,39,10,4,1,3,8,0.21,2.77,0,0,0,0,49,0,4,0,0,4
madsory01,2008,WS,PHI,NL,0,0,4,0,0,0,0,11,3,2,1,0,6,0.23,4.91,0,0,0,0,14,0,2,1,0,0
myersbr01,2008,WS,PHI,NL,0,1,1,1,0,0,0,21,7,3,0,3,2,0.28,3.86,0,0,0,0,29,0,4,1,0,1
garzama01,2008,WS,TBA,AL,0,0,1,1,0,0,0,18,6,4,3,2,7,0.26,6,0,1,0,0,25,0,4,0,0,0
howeljp01,2008,WS,TBA,AL,0,2,3,0,0,0,0,7,2,2,0,1,5,0.25,7.71,0,1,1,0,10,0,2,0,0,0
jacksed01,2008,WS,TBA,AL,0,0,1,0,0,0,0,6,2,1,1,1,1,0.28,4.5,1,0,0,0,8,0,1,0,0,1
kazmisc01,2008,WS,TBA,AL,0,1,2,2,0,0,0,30,10,5,1,10,9,0.25,4.5,0,0,1,0,51,0,5,0,0,0
priceda01,2008,WS,TBA,AL,0,0,2,0,0,0,0,10,2,1,1,2,4,0.15,2.7,0,0,0,0,15,2,2,0,0,0
shielja02,2008,WS,TBA,AL,1,0,1,1,0,0,0,17,7,0,0,2,4,0.3,0,0,1,0,0,25,0,0,0,0,0
sonnaan01,2008,WS,TBA,AL,0,1,1,1,0,0,0,12,6,3,1,3,2,0.28,6.75,0,0,0,0,24,0,5,0,0,0
jepseke01,2009,ALCS,LAA,AL,1,0,3,0,0,0,0,11,5,1,1,2,2,0.33,2.45,0,0,0,0,17,0,1,0,0,0
kazmisc01,2009,ALCS,LAA,AL,0,1,2,1,0,0,0,14,6,4,0,5,3,0.33,7.71,0,1,0,0,26,0,5,2,1,0
santaer01,2009,ALCS,LAA,AL,1,1,4,0,0,0,0,17,5,1,0,4,5,0.25,1.59,1,0,1,0,26,2,3,1,0,1
saundjo01,2009,ALCS,LAA,AL,0,1,2,2,0,0,0,31,13,5,1,6,5,0.31,4.35,0,0,0,0,48,0,5,1,0,3
weaveje02,2009,ALCS,LAA,AL,0,0,3,1,0,0,0,19,5,3,3,4,7,0.2,4.26,0,0,0,0,28,1,3,0,0,0
aceveal01,2009,ALCS,NYA,AL,0,1,2,0,0,0,0,4,3,2,0,2,0,0.6,,1,0,0,0,8,1,2,1,0,1
chambjo03,2009,ALCS,NYA,AL,0,0,4,0,0,0,0,5,5,1,0,0,2,0.55,5.4,0,0,0,0,10,0,1,0,1,0
cokeph01,2009,ALCS,NYA,AL,0,0,2,0,0,0,0,2,1,0,0,1,1,0.5,0,0,0,0,0,3,0,0,0,0,0
gaudich01,2009,ALCS,NYA,AL,0,0,1,0,0,0,0,3,0,0,0,0,0,0,0,0,0,0,0,3,1,0,0,0,0
hugheph01,2009,ALCS,NYA,AL,0,1,3,0,0,0,0,8,4,1,0,1,3,0.3,3.38,0,0,0,0,14,0,1,0,0,0
roberda08,2009,ALCS,NYA,AL,1,0,2,0,0,0,0,6,1,0,0,2,1,0.14,0,2,0,0,0,10,1,0,1,0,0
sabatcc01,2009,ALCS,NYA,AL,2,0,2,2,0,0,0,48,9,2,1,3,12,0.16,1.13,0,0,0,0,59,0,2,0,0,1
blackni01,2009,ALDS1,MIN,AL,0,0,1,1,0,0,0,17,3,1,0,2,3,0.15,1.59,0,0,0,0,22,0,1,0,0,0
duensbr01,2009,ALDS1,MIN,AL,0,1,1,1,0,0,0,14,7,5,1,1,3,0.33,9.64,0,1,0,0,22,0,5,0,0,0
liriafr01,2009,ALDS1,MIN,AL,0,0,1,0,0,0,0,6,1,1,1,1,1,0.14,4.5,0,0,0,0,8,0,2,0,0,1
mijarjo01,2009,ALDS1,MIN,AL,0,1,2,0,0,0,0,2,1,1,1,1,0,0.5,,0,0,0,0,3,1,1,0,0,0
aceveal01,2009,ALDS1,NYA,AL,0,0,1,0,0,0,0,3,1,0,0,1,1,0.25,0,0,0,0,0,5,0,0,0,0,0
chambjo03,2009,ALDS1,NYA,AL,0,0,3,0,0,0,0,5,2,0,0,0,1,0.28,0,0,0,0,0,7,0,0,0,0,0
cokeph01,2009,ALDS1,NYA,AL,0,0,2,0,0,0,0,2,0,0,0,0,1,0,0,0,0,0,0,2,0,0,0,0,0
hugheph01,2009,ALDS1,NYA,AL,0,0,3,0,0,0,0,6,5,2,0,1,3,0.5,9,0,0,0,0,11,0,2,0,0,0
roberda08,2009,ALDS1,NYA,AL,1,0,1,0,0,0,0,3,1,0,0,0,0,0.25,0,0,0,0,0,4,1,0,0,0,0
sabatcc01,2009,ALDS1,NYA,AL,1,0,1,1,0,0,0,20,8,1,0,0,8,0.29,1.35,0,1,1,0,28,0,2,0,0,1
bardda01,2009,ALDS2,BOS,AL,0,0,2,0,0,0,0,9,0,0,0,0,4,0,0,0,0,0,0,8,1,0,0,0,1
beckejo02,2009,ALDS2,BOS,AL,0,1,1,1,0,0,0,20,5,4,0,1,3,0.2,5.4,0,0,1,0,27,0,4,0,1,0
buchhcl01,2009,ALDS2,BOS,AL,0,0,1,1,0,0,0,15,6,2,1,1,3,0.28,3.6,0,0,1,1,23,0,2,0,0,0
lestejo01,2009,ALDS2,BOS,AL,0,1,1,1,0,0,0,18,4,3,1,4,5,0.18,4.5,0,0,0,0,28,0,3,2,0,0
papeljo01,2009,ALDS2,BOS,AL,0,1,2,0,0,0,0,6,4,3,0,2,1,0.5,13.5,1,0,0,0,10,1,3,0,0,0
ramirra02,2009,ALDS2,BOS,AL,0,0,1,0,0,0,0,0,1,2,0,1,0,1,,0,0,1,0,3,0,2,0,0,0
jepseke01,2009,ALDS2,LAA,AL,0,0,2,0,0,0,0,4,3,1,0,0,1,0.42,6.75,0,0,0,0,7,0,1,0,0,0
kazmisc01,2009,ALDS2,LAA,AL,0,0,1,1,0,0,0,18,5,5,1,3,1,0.21,7.5,0,0,0,0,26,0,5,0,0,0
weaveje02,2009,ALDS2,LAA,AL,1,0,1,1,0,0,0,22,2,1,0,2,7,0.08,1.23,0,0,0,0,26,0,1,0,0,0
belisro01,2009,NLCS,LAN,NL,0,0,4,0,0,0,0,10,5,4,1,1,0,0.33,10.8,0,1,0,0,16,2,4,0,0,0
billich01,2009,NLCS,LAN,NL,0,0,1,0,0,0,0,10,2,2,0,2,3,0.16,5.4,0,0,0,0,14,0,2,0,0,0
broxtjo01,2009,NLCS,LAN,NL,0,1,3,0,0,0,1,9,2,2,0,1,1,0.18,6,0,0,1,0,13,3,2,0,0,0
elbersc01,2009,NLCS,LAN,NL,0,0,1,0,0,0,0,1,0,0,0,2,0,0,0,0,1,0,0,3,0,0,0,0,0
kershcl01,2009,NLCS,LAN,NL,0,1,2,1,0,0,0,20,5,7,2,6,6,0.21,9.45,0,3,1,0,31,0,7,1,0,0
kuoho01,2009,NLCS,LAN,NL,1,0,4,0,0,0,0,12,2,1,1,0,6,0.15,2.25,0,0,0,0,13,0,1,0,0,1
troncra01,2009,NLCS,LAN,NL,0,0,3,0,0,0,0,9,0,0,0,3,3,0,0,0,0,1,0,12,0,0,1,0,1
bastaan01,2009,NLCS,PHI,NL,0,0,1,0,0,0,0,0,1,0,0,0,0,1,,0,0,0,0,1,0,0,0,0,0
blantjo01,2009,NLCS,PHI,NL,0,0,1,1,0,0,0,18,6,3,1,2,2,0.24,4.5,0,0,0,0,27,0,4,0,0,0
hamelco01,2009,NLCS,PHI,NL,1,0,2,2,0,0,0,29,13,7,5,2,7,0.31,6.52,0,0,0,0,44,0,7,0,0,0
happja01,2009,NLCS,PHI,NL,0,0,3,0,0,0,0,2,0,0,0,3,0,0,,0,0,0,0,5,0,0,0,0,0
madsory01,2009,NLCS,PHI,NL,0,0,4,0,0,0,0,10,6,2,0,3,4,0.4,5.4,0,0,0,0,19,0,2,0,1,0
belisro01,2009,NLDS1,LAN,NL,0,0,2,0,0,0,0,4,0,0,0,0,0,0,0,0,0,0,0,4,0,0,0,0,0
broxtjo01,2009,NLDS1,LAN,NL,0,0,3,0,0,0,1,11,4,1,0,0,4,0.26,2.45,0,0,0,0,15,2,1,0,0,0
kershcl01,2009,NLDS1,LAN,NL,0,0,1,1,0,0,0,20,9,2,1,1,4,0.34,2.7,1,1,0,0,28,0,2,1,0,1
kuoho01,2009,NLDS1,LAN,NL,0,0,1,0,0,0,0,3,2,0,0,0,2,0.4,0,0,0,0,0,5,0,0,0,0,0
boggsmi01,2009,NLDS1,SLN,NL,0,0,1,0,0,0,0,3,0,0,0,2,1,0,0,0,0,0,0,5,1,0,0,0,0
hawksbl01,2009,NLDS1,SLN,NL,0,0,1,0,0,0,0,3,1,0,0,1,1,0.33,0,0,0,0,0,4,0,0,0,0,1
mccleky01,2009,NLDS1,SLN,NL,0,0,1,0,0,0,0,2,1,0,0,1,0,0.33,0,0,0,1,0,5,0,0,0,0,0
motteja01,2009,NLDS1,SLN,NL,0,0,1,0,0,0,0,3,0,0,0,0,0,0,0,0,0,0,0,3,0,0,0,0,0
wainwad01,2009,NLDS1,SLN,NL,0,0,1,1,0,0,0,24,3,1,1,1,7,0.11,1.13,0,0,1,0,29,0,1,0,0,0
belisma01,2009,NLDS2,COL,NL,0,0,2,0,0,0,0,6,0,0,0,1,2,0,0,0,0,0,0,7,0,0,0,0,0
daleyma01,2009,NLDS2,COL,NL,0,0,1,0,0,0,0,3,1,0,0,1,0,0.33,0,0,1,0,0,5,0,0,1,0,0
hammeja01,2009,NLDS2,COL,NL,0,0,1,1,0,0,0,11,4,4,1,3,5,0.28,9.82,0,0,0,0,17,0,4,0,0,1
jimenub01,2009,NLDS2,COL,NL,0,1,2,2,0,0,0,36,15,7,2,3,11,0.3,5.25,1,0,0,0,52,0,7,0,0,1
moralfr01,2009,NLDS2,COL,NL,0,0,4,0,0,0,0,8,0,0,0,3,1,0,0,1,0,0,0,10,0,0,0,0,0
streehu01,2009,NLDS2,COL,NL,0,2,3,0,0,0,1,8,6,4,0,3,1,0.5,13.5,0,0,0,0,17,2,4,1,1,0
bastaan01,2009,NLDS2,PHI,NL,0,0,1,0,0,0,0,1,0,0,0,0,1,0,0,0,0,0,0,1,0,0,0,0,0
blantjo01,2009,NLDS2,PHI,NL,0,0,2,0,0,0,0,11,4,2,1,0,1,0.28,4.91,0,0,0,0,15,0,2,1,0,1
hamelco01,2009,NLDS2,PHI,NL,0,1,1,1,0,0,0,15,7,4,1,0,5,0.36,7.2,0,0,0,0,21,0,4,1,1,1
happja01,2009,NLDS2,PHI,NL,0,0,2,1,0,0,0,9,6,3,0,2,4,0.4,,0,0,0,0,17,0,3,0,0,0
madsory01,2009,NLDS2,PHI,NL,1,0,3,0,0,0,0,8,2,1,0,1,4,0.22,3.38,1,1,0,0,11,1,1,0,1,0
myersbr01,2009,NLDS2,PHI,NL,0,0,1,0,0,0,0,2,0,0,0,2,0,0,0,1,0,1,0,5,0,0,1,0,0
aceveal01,2009,WS,NYA,AL,0,0,1,0,0,0,0,6,1,0,0,0,1,0.14,0,0,1,0,0,7,0,0,0,0,0
brunebr01,2009,WS,NYA,AL,0,0,1,0,0,0,0,1,3,2,0,0,0,0.75,54,0,0,0,0,4,0,2,0,0,0
chambjo03,2009,WS,NYA,AL,1,0,3,0,0,0,0,9,2,1,1,1,4,0.18,3,0,0,0,0,12,0,1,0,0,0
cokeph01,2009,WS,NYA,AL,0,0,2,0,0,0,0,4,3,2,2,0,1,0.5,13.5,0,0,0,0,6,1,2,0,0,0
hugheph01,2009,WS,NYA,AL,0,0,3,0,0,0,0,5,2,3,1,2,1,0.33,,0,0,0,0,8,1,3,0,0,1
roberda08,2009,WS,NYA,AL,0,0,2,0,0,0,0,7,2,0,0,1,2,0.22,0,0,0,0,0,10,0,0,0,0,0
sabatcc01,2009,WS,NYA,AL,0,1,2,2,0,0,0,41,11,5,3,6,12,0.21,3.29,2,0,0,0,57,0,5,0,0,1
blantjo01,2009,WS,PHI,NL,0,0,1,1,0,0,0,18,5,4,0,2,7,0.22,6,0,0,1,0,26,0,4,0,1,0
hamelco01,2009,WS,PHI,NL,0,1,1,1,0,0,0,13,5,5,1,2,3,0.27,10.38,0,0,1,0,21,0,5,0,0,0
happja01,2009,WS,PHI,NL,0,0,2,0,0,0,0,8,2,1,1,1,4,0.2,3.38,0,0,0,0,11,0,1,0,0,0
madsory01,2009,WS,PHI,NL,0,0,5,0,0,0,1,13,6,1,0,2,6,0.33,2.08,0,0,1,0,21,4,1,0,0,1
myersbr01,2009,WS,PHI,NL,0,0,1,0,0,0,0,3,1,1,1,0,2,0.25,9,0,0,0,0,4,0,1,0,0,0
chambjo03,2010,ALCS,NYA,AL,0,0,3,0,0,0,0,10,4,1,0,2,3,0.28,2.7,0,0,0,0,16,0,1,0,0,0
hugheph01,2010,ALCS,NYA,AL,0,2,2,2,0,0,0,26,14,11,1,7,6,0.36,11.42,3,2,0,0,46,0,11,1,0,0
loganbo02,2010,ALCS,NYA,AL,0,0,3,0,0,0,0,2,2,2,1,1,1,0.5,,0,0,0,0,5,0,2,0,0,0
mitrese01,2010,ALCS,NYA,AL,0,0,3,0,0,0,0,8,3,3,2,3,1,0.33,10.13,1,1,0,0,12,3,3,0,0,2
moseldu01,2010,ALCS,NYA,AL,1,0,1,0,0,0,0,6,0,0,0,0,4,0,0,0,0,0,0,7,0,0,0,0,0
roberda08,2010,ALCS,NYA,AL,0,0,4,0,0,0,0,8,8,6,1,1,4,0.5,20.25,1,1,0,0,17,0,6,0,0,0
sabatcc01,2010,ALCS,NYA,AL,1,0,2,2,0,0,0,30,17,7,2,4,10,0.38,6.3,0,1,0,1,48,0,7,0,0,2
felizne01,2010,ALCS,TEX,AL,0,0,3,0,0,0,0,9,0,0,0,2,5,0,0,0,0,0,0,11,3,0,0,0,0
hollade01,2010,ALCS,TEX,AL,1,0,2,0,0,0,0,17,3,0,0,2,4,0.15,0,0,0,0,0,21,1,0,0,0,1
hunteto02,2010,ALCS,TEX,AL,0,0,1,1,0,0,0,10,5,3,1,0,5,0.33,8.1,0,0,1,1,16,0,3,0,0,0
kirkmmi01,2010,ALCS,TEX,AL,0,0,1,0,0,0,0,6,1,0,0,2,1,0.2,0,0,0,0,0,8,0,0,1,0,1
odayda01,2010,ALCS,TEX,AL,0,1,3,0,0,0,0,2,1,1,0,1,1,0.33,,0,0,0,0,4,0,1,0,0,0
ogandal01,2010,ALCS,TEX,AL,0,0,2,0,0,0,0,6,3,1,1,1,2,0.33,4.5,0,0,0,0,10,1,1,0,0,0
rapadcl01,2010,ALCS,TEX,AL,0,0,3,0,0,0,0,1,1,0,0,1,1,0.5,,0,0,0,0,3,0,0,0,0,0
wilsocj01,2010,ALCS,TEX,AL,0,1,2,2,0,0,0,36,12,8,3,6,6,0.26,6,1,0,0,0,53,0,9,0,1,1
daviswa01,2010,ALDS1,TBA,AL,1,0,1,1,0,0,0,15,7,2,1,3,7,0.33,3.6,0,0,0,0,24,0,2,0,0,1
garzama01,2010,ALDS1,TBA,AL,0,0,1,1,0,0,0,18,5,1,1,2,4,0.22,1.5,0,0,0,0,24,0,2,0,0,1
niemaje01,2010,ALDS1,TBA,AL,0,0,1,0,0,0,0,9,1,0,0,1,4,0.12,0,0,0,0,0,9,1,0,0,0,1
priceda01,2010,ALDS1,TBA,AL,0,2,2,2,0,0,0,38,17,7,2,0,14,0.3,4.97,0,0,0,0,55,0,8,0,0,1
shielja02,2010,ALDS1,TBA,AL,0,1,1,1,0,0,0,13,4,4,1,0,2,0.23,8.31,0,0,2,0,19,0,4,0,0,0
felizne01,2010,ALDS1,TEX,AL,0,0,2,0,0,0,0,4,2,1,1,3,2,0.33,6.75,0,0,0,0,9,1,1,0,0,0
hollade01,2010,ALDS1,TEX,AL,0,0,2,0,0,0,0,14,6,3,1,1,4,0.33,5.79,0,0,0,0,19,0,3,0,0,1
hunteto02,2010,ALDS1,TEX,AL,0,1,1,1,0,0,0,12,6,2,0,0,7,0.33,4.5,0,0,0,0,18,0,3,0,0,1
nippedu01,2010,ALDS1,TEX,AL,0,0,1,0,0,0,0,3,2,2,1,0,0,0.4,18,0,0,0,0,5,1,2,0,0,0
odayda01,2010,ALDS1,TEX,AL,0,0,4,0,0,0,0,6,2,0,0,0,4,0.25,0,0,0,0,0,8,1,0,0,0,0
ogandal01,2010,ALDS1,TEX,AL,0,0,1,0,0,0,0,1,1,0,0,0,0,0.5,0,0,0,0,0,2,0,0,0,0,0
wilsocj01,2010,ALDS1,TEX,AL,1,0,1,1,0,0,0,19,2,0,0,2,7,0.09,0,0,0,1,0,25,0,0,0,0,0
bakersc02,2010,ALDS2,MIN,AL,0,0,1,0,0,0,0,7,3,1,1,0,2,0.3,3.86,0,0,0,0,10,0,1,0,0,0
cappsma01,2010,ALDS2,MIN,AL,0,0,1,0,0,0,0,3,2,1,0,0,0,0.4,9,0,0,0,0,5,1,1,0,0,0
crainje01,2010,ALDS2,MIN,AL,0,1,1,0,0,0,0,1,3,2,1,0,0,0.75,54,0,0,0,0,4,0,2,0,0,0
duensbr01,2010,ALDS2,MIN,AL,0,1,1,1,0,0,0,10,7,5,1,1,1,0.43,13.5,0,0,0,0,17,0,5,0,0,1
liriafr01,2010,ALDS2,MIN,AL,0,0,1,1,0,0,0,17,6,4,0,3,7,0.26,6.35,0,1,0,0,26,0,4,0,0,0
mijarjo01,2010,ALDS2,MIN,AL,0,0,3,0,0,0,0,4,0,0,0,1,0,0,0,1,0,0,0,4,0,0,1,0,1
hugheph01,2010,ALDS2,NYA,AL,1,0,1,1,0,0,0,21,4,0,0,1,6,0.16,0,0,0,0,0,25,0,0,0,0,1
loganbo02,2010,ALDS2,NYA,AL,0,0,2,0,0,0,0,3,1,0,0,0,0,0.25,0,0,0,0,0,4,0,0,0,0,0
roberda08,2010,ALDS2,NYA,AL,0,0,2,0,0,0,0,2,0,0,0,1,1,0,0,0,0,0,0,3,0,0,0,0,0
sabatcc01,2010,ALDS2,NYA,AL,1,0,1,1,0,0,0,18,5,3,1,3,5,0.22,4.5,0,0,1,0,27,0,4,1,0,0
bastaan01,2010,NLCS,PHI,NL,0,0,1,0,0,0,0,1,1,0,0,0,0,0.5,0,0,0,0,0,2,0,0,0,0,0
blantjo01,2010,NLCS,PHI,NL,0,0,1,1,0,0,0,14,5,3,0,1,3,0.26,5.79,0,2,1,0,21,0,3,0,0,0
hamelco01,2010,NLCS,PHI,NL,0,1,1,1,0,0,0,18,5,3,0,1,8,0.22,4.5,0,0,0,0,24,0,3,1,0,0
madsory01,2010,NLCS,PHI,NL,0,1,5,0,0,0,0,20,4,1,1,3,10,0.17,1.35,1,0,0,0,26,1,1,0,0,1
bumgama01,2010,NLCS,SFN,NL,0,0,2,1,0,0,0,20,9,3,0,2,7,0.36,4.05,1,0,1,0,30,0,3,2,0,0
cainma01,2010,NLCS,SFN,NL,1,0,1,1,0,0,0,21,2,0,0,3,5,0.08,0,0,0,2,0,28,0,0,0,0,0
garcija01,2010,NLCS,SFN,NL,0,0,2,0,0,0,0,5,2,1,0,1,2,0.28,5.4,1,1,1,0,9,0,1,0,0,0
linceti01,2010,NLCS,SFN,NL,1,1,3,2,0,0,0,43,12,5,2,4,16,0.22,3.14,0,0,1,0,59,0,6,1,0,1
ramirra02,2010,NLCS,SFN,NL,0,0,2,0,0,0,0,3,3,3,1,1,0,0.5,27,1,0,0,0,8,0,3,1,0,0
romose01,2010,NLCS,SFN,NL,0,0,3,0,0,0,0,7,2,0,0,1,3,0.22,0,0,0,0,0,10,1,0,0,0,0
sanchjo01,2010,NLCS,SFN,NL,0,1,2,2,0,0,0,24,8,4,0,5,8,0.25,4.5,0,1,1,0,39,0,5,0,2,0
wilsobr01,2010,NLCS,SFN,NL,1,0,4,0,0,0,3,15,2,0,0,2,7,0.13,0,0,0,1,0,18,4,0,0,0,1
baileho02,2010,NLDS1,CIN,NL,0,0,1,0,0,0,0,6,2,0,0,0,2,0.25,0,0,0,0,0,8,0,0,0,0,1
braybi01,2010,NLDS1,CIN,NL,0,0,2,0,0,0,0,5,0,0,0,0,2,0,0,0,0,0,0,5,1,0,0,0,0
chapmar01,2010,NLDS1,CIN,NL,0,1,2,0,0,0,0,5,3,0,0,0,1,0.3,0,0,0,1,0,11,1,3,0,0,0
cuetojo01,2010,NLDS1,CIN,NL,0,1,1,1,0,0,0,15,5,1,1,1,2,0.25,1.8,0,0,0,0,22,0,2,1,0,0
masseni01,2010,NLDS1,CIN,NL,0,0,2,0,0,0,0,6,2,1,0,2,1,0.25,4.5,2,0,0,0,10,1,1,0,0,0
ondrulo01,2010,NLDS1,CIN,NL,0,0,2,0,0,0,0,6,0,0,0,1,0,0,0,0,0,1,0,9,0,0,0,0,0
volqued01,2010,NLDS1,CIN,NL,0,1,1,1,0,0,0,5,4,4,0,2,0,0.5,21.6,0,0,0,0,11,0,4,0,1,0
woodtr01,2010,NLDS1,CIN,NL,0,0,1,0,0,0,0,10,1,0,0,1,3,0.09,0,1,0,0,0,12,0,0,0,0,0
hamelco01,2010,NLDS1,PHI,NL,1,0,1,1,1,1,0,27,5,0,0,0,9,0.16,0,0,0,0,0,31,0,0,0,0,1
madsory01,2010,NLDS1,PHI,NL,0,0,1,0,0,0,0,3,1,0,0,0,1,0.25,0,0,1,0,0,4,0,0,0,0,0
dunnmi01,2010,NLDS2,ATL,NL,0,0,3,0,0,0,0,4,2,0,0,0,2,0.33,,0,0,0,0,6,0,0,0,0,0
hansoto01,2010,NLDS2,ATL,NL,0,0,1,1,0,0,0,12,5,4,1,1,5,0.31,9,0,0,0,0,17,0,4,0,0,0
kimbrcr01,2010,NLDS2,ATL,NL,0,1,4,0,0,0,0,13,1,1,0,1,7,0.08,2.08,0,0,0,0,13,2,2,0,0,1
ventejo01,2010,NLDS2,ATL,NL,0,0,4,0,0,0,0,16,7,0,0,0,8,0.35,0,0,0,0,0,20,0,0,0,0,2
bumgama01,2010,NLDS2,SFN,NL,1,0,1,1,0,0,0,18,6,2,1,1,5,0.25,3,0,0,0,0,26,0,2,0,1,0
cainma01,2010,NLDS2,SFN,NL,0,0,1,1,0,0,0,20,7,0,0,2,6,0.26,0,0,0,0,0,28,0,1,0,0,1
garcija01,2010,NLDS2,SFN,NL,0,0,1,0,0,0,0,5,1,0,0,0,2,0.16,0,0,0,0,0,6,0,0,0,0,0
linceti01,2010,NLDS2,SFN,NL,1,0,1,1,1,1,0,27,2,0,0,1,14,0.06,0,0,0,0,0,30,0,0,0,0,0
ramirra02,2010,NLDS2,SFN,NL,0,1,1,0,0,0,0,6,1,1,1,0,1,0.14,4.5,0,0,0,0,7,1,1,0,0,0
romose01,2010,NLDS2,SFN,NL,1,0,2,0,0,0,0,2,3,3,1,0,0,0.6,,0,0,0,0,5,0,3,0,0,0
sanchjo01,2010,NLDS2,SFN,NL,0,0,1,1,0,0,0,22,2,1,0,1,11,0.08,1.23,0,0,0,0,25,0,1,0,0,0
wilsobr01,2010,NLDS2,SFN,NL,0,0,3,0,0,0,2,12,2,0,0,2,5,0.14,0,0,0,0,0,17,2,1,1,0,0
bumgama01,2010,WS,SFN,NL,1,0,1,1,0,0,0,24,3,0,0,2,6,0.12,0,0,0,0,0,27,0,0,0,0,2
cainma01,2010,WS,SFN,NL,1,0,1,1,0,0,0,23,4,0,0,2,2,0.15,0,1,1,0,0,29,0,0,1,0,0
garcija01,2010,WS,SFN,NL,0,0,1,0,0,0,0,4,0,0,0,0,1,0,0,0,0,0,0,5,0,0,0,0,0
linceti01,2010,WS,SFN,NL,2,0,2,2,0,0,0,41,11,5,1,4,13,0.21,3.29,0,0,0,0,56,0,5,0,1,1
ramirra02,2010,WS,SFN,NL,0,0,2,0,0,0,0,3,1,2,0,1,1,0.2,18,0,0,0,0,6,1,2,0,0,0
romose01,2010,WS,SFN,NL,0,0,1,0,0,0,0,2,1,0,0,0,1,0.5,0,0,0,0,0,2,0,0,0,0,0
sanchjo01,2010,WS,SFN,NL,0,1,1,1,0,0,0,14,6,4,2,3,3,0.31,7.71,0,0,0,0,22,0,4,0,0,1
wilsobr01,2010,WS,SFN,NL,0,0,3,0,0,0,1,8,1,0,0,0,4,0.12,0,0,0,0,0,9,3,0,0,1,0
felizne01,2010,WS,TEX,AL,0,0,2,0,0,0,1,9,1,0,0,0,4,0.1,0,0,0,0,0,10,2,0,0,0,0
hollade01,2010,WS,TEX,AL,0,0,2,0,0,0,0,3,0,3,0,4,1,0,,0,0,0,0,7,1,3,0,0,0
hunteto02,2010,WS,TEX,AL,0,1,1,1,0,0,0,12,5,2,1,1,1,0.29,4.5,0,0,0,0,18,0,2,0,0,0
kirkmmi01,2010,WS,TEX,AL,0,0,2,0,0,0,0,2,3,1,0,0,1,0.6,13.5,0,0,0,0,5,2,1,0,0,0
lowema01,2010,WS,TEX,AL,0,0,2,0,0,0,0,2,4,5,0,1,0,0.66,,0,0,0,0,7,0,5,0,0,0
odayda01,2010,WS,TEX,AL,0,0,4,0,0,0,0,6,3,3,2,0,3,0.3,13.5,0,0,1,0,11,0,3,0,0,0
ogandal01,2010,WS,TEX,AL,0,0,2,0,0,0,0,11,1,0,0,0,6,0.09,0,0,0,0,0,11,0,0,0,0,0
wilsocj01,2010,WS,TEX,AL,0,1,1,1,0,0,0,18,3,2,1,2,4,0.14,3,0,0,0,0,23,0,2,0,0,0
albural01,2011,ALCS,DET,AL,0,0,2,0,0,0,0,5,0,0,0,2,2,0,0,0,1,0,0,7,1,0,,,0
cokeph01,2011,ALCS,DET,AL,0,0,4,0,0,0,1,10,3,1,0,1,2,0.231,2.7,0,0,0,0,14,2,1,,,0
fistedo01,2011,ALCS,DET,AL,1,0,1,1,0,0,0,22,7,2,0,0,3,0.28,2.45,0,0,1,0,27,0,2,,,2
perryry01,2011,ALCS,DET,AL,0,1,3,0,0,0,0,12,6,4,1,0,1,0.353,9,0,0,0,0,18,2,5,,,0
porceri01,2011,ALCS,DET,AL,0,0,3,1,0,0,0,27,10,4,0,1,7,0.27,4,1,0,0,0,38,0,5,,,1
scherma01,2011,ALCS,DET,AL,0,1,2,2,0,0,0,25,11,9,1,5,7,0.306,9.72,0,0,0,0,41,0,9,,,0
schleda01,2011,ALCS,DET,AL,0,0,1,0,0,0,0,0,1,1,0,0,0,1,,0,0,0,0,1,0,1,,,0
verlaju01,2011,ALCS,DET,AL,1,1,2,2,0,0,0,34,13,7,2,5,13,0.277,5.56,0,1,0,0,53,0,7,,,1
feldmsc01,2011,ALCS,TEX,AL,1,0,3,0,0,0,0,17,1,0,0,0,5,0.059,0,0,0,1,0,19,0,0,,,0
felizne01,2011,ALCS,TEX,AL,0,0,4,0,0,0,1,13,1,0,0,2,3,0.077,0,1,0,0,0,16,3,0,,,0
harrima01,2011,ALCS,TEX,AL,0,0,1,1,0,0,0,15,3,2,0,3,3,0.176,3.6,0,0,0,0,20,0,2,,,1
hollade01,2011,ALCS,TEX,AL,0,0,2,2,0,0,0,22,11,7,4,4,5,0.355,8.59,0,0,1,0,36,0,7,,,2
ogandal01,2011,ALCS,TEX,AL,2,0,4,0,0,0,0,23,3,1,1,2,10,0.115,1.17,0,0,0,0,28,0,1,,,0
wilsocj01,2011,ALCS,TEX,AL,0,1,2,2,0,0,0,32,14,8,3,7,11,0.326,6.75,1,1,0,0,50,0,8,,,3
albural01,2011,ALDS1,DET,AL,0,0,2,0,0,0,0,1,2,3,1,1,0,0.667,81,0,0,0,1,4,0,3,,,0
cokeph01,2011,ALDS1,DET,AL,0,0,1,0,0,0,0,3,3,3,0,1,1,0.5,27,0,0,0,0,7,0,3,,,0
fistedo01,2011,ALDS1,DET,AL,1,1,2,1,0,0,0,29,12,7,1,4,10,0.293,6.52,0,0,0,1,45,0,7,,,0
perryry01,2011,ALDS1,DET,AL,0,0,2,0,0,0,0,7,3,0,0,0,2,0.333,0,0,0,0,0,9,1,0,,,1
porceri01,2011,ALDS1,DET,AL,0,1,1,1,0,0,0,18,5,4,0,1,5,0.227,6,1,0,2,0,26,0,4,,,0
scherma01,2011,ALDS1,DET,AL,1,0,2,1,0,0,0,22,4,1,0,4,7,0.154,1.23,0,0,1,0,31,0,1,,,0
schleda01,2011,ALDS1,DET,AL,0,0,2,0,0,0,0,5,4,2,0,0,4,0.444,10.8,0,1,0,0,9,1,2,,,0
verlaju01,2011,ALDS1,DET,AL,1,0,2,2,0,0,0,27,6,5,0,5,12,0.188,5,0,1,1,0,38,0,5,,,2
hugheph01,2011,ALDS1,NYA,AL,0,0,2,0,0,0,0,7,2,0,0,0,4,0.222,0,0,0,0,0,9,0,0,,,0
loganbo02,2011,ALDS1,NYA,AL,0,0,3,0,0,0,0,7,1,0,0,0,6,0.125,0,0,0,0,1,8,1,0,,,0
novaiv01,2011,ALDS1,NYA,AL,1,1,2,1,0,0,0,25,7,4,2,4,8,0.233,4.32,0,0,0,0,34,0,4,,,1
roberda08,2011,ALDS1,NYA,AL,0,0,2,0,0,0,0,6,0,0,0,0,2,0,0,0,0,1,0,7,1,0,,,0
sabatcc01,2011,ALDS1,NYA,AL,0,0,3,2,0,0,0,26,10,6,1,8,11,0.323,6.23,2,1,0,0,41,0,6,,,3
wadeco01,2011,ALDS1,NYA,AL,0,0,1,0,0,0,0,6,2,0,0,1,2,0.286,0,0,0,0,0,9,0,0,,,0
daviswa01,2011,ALDS2,TBA,AL,0,0,2,0,0,0,0,7,1,0,0,1,1,0.125,0,0,0,0,0,9,2,0,,,0
gomesbr01,2011,ALDS2,TBA,AL,0,0,3,0,0,0,0,7,1,2,1,2,3,0.125,7.71,0,0,0,0,10,0,2,,,0
hellije01,2011,ALDS2,TBA,AL,0,1,1,1,0,0,0,12,4,3,3,1,1,0.267,6.75,0,0,0,0,16,0,3,,,1
howeljp01,2011,ALDS2,TBA,AL,0,0,1,0,0,0,0,0,1,0,0,0,0,1,,0,0,0,0,1,0,0,,,0
mcgeeja01,2011,ALDS2,TBA,AL,0,0,1,0,0,0,0,1,0,0,0,0,0,,0,0,0,1,0,2,0,0,,,0
moorema02,2011,ALDS2,TBA,AL,1,0,2,1,0,0,0,30,3,1,1,3,8,0.091,0.9,0,1,1,0,37,0,1,,,0
priceda01,2011,ALDS2,TBA,AL,0,1,1,1,0,0,0,20,7,3,1,1,3,0.269,4.05,0,1,0,0,27,0,3,,,0
shielja02,2011,ALDS2,TBA,AL,0,1,1,1,0,0,0,15,8,7,0,0,6,0.348,12.6,0,2,2,0,25,0,7,,,0
feldmsc01,2011,ALDS2,TEX,AL,0,0,1,0,0,0,0,9,2,0,0,0,4,0.182,0,0,0,0,0,11,0,0,,,0
felizne01,2011,ALDS2,TEX,AL,0,0,3,0,0,0,3,10,2,1,0,2,2,0.182,2.7,0,1,0,0,13,3,1,,,1
harrima01,2011,ALDS2,TEX,AL,1,0,2,1,0,0,0,17,6,3,0,3,9,0.261,4.76,0,1,0,0,26,0,3,,,0
hollade01,2011,ALDS2,TEX,AL,1,0,2,1,0,0,0,19,7,1,1,2,2,0.269,1.42,0,1,0,0,28,0,3,,,0
ogandal01,2011,ALDS2,TEX,AL,0,0,3,0,0,0,0,8,1,0,0,0,2,0.111,0,0,0,0,0,9,0,0,,,0
wilsocj01,2011,ALDS2,TEX,AL,0,1,1,1,0,0,0,15,7,6,3,1,6,0.304,10.8,0,0,1,0,25,0,8,,,0
axforjo01,2011,NLCS,MIL,NL,0,0,3,0,0,0,2,9,2,0,0,0,4,0.182,0,0,0,0,0,11,3,0,,,0
estrama01,2011,NLCS,MIL,NL,0,0,2,0,0,0,0,9,4,4,0,2,4,0.308,12,0,1,0,0,15,1,4,,,0
gallayo01,2011,NLCS,MIL,NL,0,1,1,1,0,0,0,15,8,4,0,5,2,0.381,7.2,2,3,0,0,26,0,4,,,2
greinza01,2011,NLCS,MIL,NL,1,1,2,2,0,0,0,35,15,8,1,4,6,0.288,6.17,0,0,1,0,58,0,11,,,0
loeka01,2011,NLCS,MIL,NL,0,0,3,0,0,0,0,7,10,4,0,1,2,0.625,15.43,0,0,0,0,18,0,6,,,1
marcush01,2011,NLCS,MIL,NL,0,2,2,2,0,0,0,15,10,9,2,2,2,0.435,16.2,0,0,0,0,26,0,9,,,0
narvech01,2011,NLCS,MIL,NL,0,0,4,0,0,0,0,15,5,6,3,1,8,0.25,10.8,1,0,0,0,22,2,6,,,0
rodrifr03,2011,NLCS,MIL,NL,0,0,3,0,0,0,0,9,3,1,0,1,4,0.273,3,0,0,0,0,13,0,1,,,0
boggsmi01,2011,NLCS,SLN,NL,0,0,3,0,0,0,0,9,4,2,1,1,0,0.333,6,0,0,0,0,13,1,2,,,1
garcija02,2011,NLCS,SLN,NL,0,1,2,2,0,0,0,26,13,7,2,3,8,0.351,7.27,0,0,1,0,42,0,7,,,0
jacksed01,2011,NLCS,SLN,NL,0,0,2,2,0,0,0,19,11,6,4,1,5,0.367,8.53,0,0,0,0,31,0,6,,,0
lynnla01,2011,NLCS,SLN,NL,1,0,5,0,0,0,0,16,3,0,0,2,1,0.188,0,1,0,0,0,18,0,0,,,3
mccleky01,2011,NLCS,SLN,NL,0,0,1,0,0,0,0,1,2,1,0,0,0,1,27,0,0,0,0,3,0,1,,,0
motteja01,2011,NLCS,SLN,NL,0,0,4,0,0,0,2,14,0,0,0,0,4,0,0,0,0,0,0,14,4,0,,,0
rzepcma01,2011,NLCS,SLN,NL,1,0,5,0,0,0,0,14,1,1,0,1,4,0.067,1.93,0,1,0,0,16,0,1,,,0
salasfe01,2011,NLCS,SLN,NL,0,0,4,0,0,0,0,18,3,1,0,1,6,0.143,1.5,0,0,0,0,22,1,1,,,0
bastaan01,2011,NLDS1,PHI,NL,0,0,2,0,0,0,0,3,0,0,0,1,1,0,0,0,0,0,0,4,0,0,,,0
blantjo01,2011,NLDS1,PHI,NL,0,0,1,0,0,0,0,3,0,0,0,0,0,0,0,0,0,0,0,3,0,0,,,0
hamelco01,2011,NLDS1,PHI,NL,1,0,1,1,0,0,0,18,5,0,0,3,8,0.217,0,1,0,1,0,27,0,0,,,0
madsory01,2011,NLDS1,PHI,NL,0,0,4,0,0,0,1,13,4,1,0,0,6,0.267,2.08,0,0,0,0,15,4,1,,,1
stutemi01,2011,NLDS1,PHI,NL,0,0,1,0,0,0,0,1,3,3,0,1,0,0.75,81,0,0,0,0,5,0,3,,,0
worleva01,2011,NLDS1,PHI,NL,0,0,2,0,0,0,0,4,3,1,0,1,0,0.429,6.75,0,0,0,0,8,0,1,,,0
boggsmi01,2011,NLDS1,SLN,NL,0,0,2,0,0,0,0,6,4,2,0,1,1,0.444,9,0,0,0,0,11,0,2,,,0
garcija02,2011,NLDS1,SLN,NL,0,1,1,1,0,0,0,21,6,3,1,2,3,0.222,3.86,2,1,0,0,29,0,3,,,0
jacksed01,2011,NLDS1,SLN,NL,1,0,1,1,0,0,0,18,5,2,0,1,4,0.238,3,0,0,0,0,23,0,2,,,0
motteja01,2011,NLDS1,SLN,NL,0,0,3,0,0,0,2,10,1,0,0,0,3,0.091,0,0,0,0,0,11,3,0,,,0
rzepcma01,2011,NLDS1,SLN,NL,0,0,3,0,0,0,0,3,4,3,0,0,1,0.667,27,0,0,1,0,7,0,3,,,0
salasfe01,2011,NLDS1,SLN,NL,0,0,3,0,0,0,0,11,2,1,0,0,2,0.154,2.45,0,1,0,1,13,0,1,,,0
collmjo01,2011,NLDS2,ARI,NL,1,0,1,1,0,0,0,21,2,1,1,2,6,0.087,1.29,0,0,1,0,26,0,1,,,0
hernada01,2011,NLDS2,ARI,NL,0,0,4,0,0,0,0,15,2,2,1,0,5,0.118,3.6,0,0,0,0,17,1,2,,,0
hudsoda01,2011,NLDS2,ARI,NL,0,1,1,1,0,0,0,16,9,5,1,0,6,0.375,8.44,0,0,0,0,24,0,5,,,1
kenneia01,2011,NLDS2,ARI,NL,0,1,2,2,0,0,0,38,13,6,1,3,8,0.265,4.26,0,1,3,0,57,0,6,,,0
owingmi01,2011,NLDS2,ARI,NL,1,0,2,0,0,0,0,9,2,0,0,0,1,0.182,0,0,0,0,0,11,0,0,,,0
parkeja02,2011,NLDS2,ARI,NL,0,0,1,0,0,0,0,1,2,1,0,1,0,1,27,0,0,0,0,4,0,1,,,0
paterjo01,2011,NLDS2,ARI,NL,0,0,1,0,0,0,0,1,0,0,0,0,1,0,0,0,0,0,0,1,0,0,,,0
saundjo01,2011,NLDS2,ARI,NL,0,0,1,1,0,0,0,9,5,3,0,2,1,0.385,9,0,0,0,0,15,0,3,,,1
shawbr01,2011,NLDS2,ARI,NL,0,0,4,0,0,0,0,12,0,0,0,1,3,0,0,0,0,0,0,13,1,0,,,0
axforjo01,2011,NLDS2,MIL,NL,1,0,3,0,0,0,1,12,3,1,0,2,5,0.2,2.25,0,0,0,0,17,3,1,,,0
estrama01,2011,NLDS2,MIL,NL,0,0,2,0,0,0,0,9,3,0,0,0,5,0.25,0,0,0,0,0,12,1,0,,,0
gallayo01,2011,NLDS2,MIL,NL,1,0,2,2,0,0,0,42,10,2,2,3,14,0.2,1.29,0,1,0,0,53,0,2,,,1
greinza01,2011,NLDS2,MIL,NL,0,0,1,1,0,0,0,15,8,4,3,0,7,0.364,7.2,0,0,0,0,22,0,4,,,0
loeka01,2011,NLDS2,MIL,NL,0,0,2,0,0,0,0,6,3,0,0,0,1,0.375,0,0,0,0,0,8,0,1,,,1
marcush01,2011,NLDS2,MIL,NL,0,1,1,1,0,0,0,14,7,7,1,3,3,0.35,13.5,1,0,0,0,23,0,7,,,0
narvech01,2011,NLDS2,MIL,NL,0,0,2,0,0,0,0,7,2,3,2,1,5,0.2,11.57,0,0,0,0,11,0,3,,,0
rodrifr03,2011,NLDS2,MIL,NL,0,0,2,0,0,0,0,6,2,0,0,3,4,0.25,0,0,0,0,0,11,0,0,,,0
boggsmi01,2011,WS,SLN,NL,0,0,2,0,0,0,0,8,2,1,1,0,4,0.2,3.38,0,0,0,0,10,1,1,,,0
garcija02,2011,WS,SLN,NL,0,0,2,2,0,0,0,30,8,2,0,3,10,0.229,1.8,0,0,0,0,38,0,2,,,3
jacksed01,2011,WS,SLN,NL,0,1,1,1,0,0,0,16,3,3,0,7,3,0.167,5.06,0,0,0,0,25,0,3,,,0
lynnla01,2011,WS,SLN,NL,1,0,5,0,0,0,0,17,7,4,2,3,4,0.333,6.35,1,0,0,0,26,1,4,,,1
motteja01,2011,WS,SLN,NL,0,1,5,0,0,0,1,13,4,3,1,1,1,0.235,6.23,0,0,0,0,18,3,4,,,0
rzepcma01,2011,WS,SLN,NL,0,0,4,0,0,0,0,8,2,0,0,0,4,0.2,0,0,0,0,0,10,0,0,,,0
salasfe01,2011,WS,SLN,NL,0,0,4,0,0,0,0,11,7,3,0,3,4,0.35,7.36,1,0,0,0,23,0,5,,,0
feldmsc01,2011,WS,TEX,AL,0,0,5,0,0,0,0,15,5,5,0,6,2,0.278,9,2,0,1,0,26,1,5,,,0
felizne01,2011,WS,TEX,AL,0,0,4,0,0,0,2,11,2,2,0,4,7,0.167,4.91,0,0,1,0,17,3,2,,,0
harrima01,2011,WS,TEX,AL,0,2,2,2,0,0,0,23,11,6,2,3,4,0.324,7.04,1,0,0,0,37,0,8,,,2
hollade01,2011,WS,TEX,AL,1,0,2,1,0,0,0,31,4,1,1,2,7,0.118,0.87,0,0,0,0,36,0,1,,,1
lowema01,2011,WS,TEX,AL,0,1,2,0,0,0,0,3,3,2,1,0,1,0.5,18,0,0,0,0,6,1,2,,,0
ogandal01,2011,WS,TEX,AL,0,0,6,0,0,0,0,8,7,3,1,7,3,0.5,10.13,2,1,0,0,21,1,4,,,0
wilsocj01,2011,WS,TEX,AL,0,1,3,2,0,0,0,37,8,4,0,11,9,0.205,2.92,4,2,2,0,55,0,5,,,3
cokeph01,2012,ALCS,DET,AL,0,0,4,0,0,0,2,17,3,0,0,0,4,0.15,0,0,0,0,,20,3,0,,,0
fistedo01,2012,ALCS,DET,AL,0,0,1,1,0,0,0,19,6,0,0,4,5,0.24,0,0,0,0,,29,0,0,,,1
sanchan01,2012,ALCS,DET,AL,1,0,1,1,0,0,0,21,3,0,0,3,7,0.125,0,1,0,0,,27,0,0,,,0
scherma01,2012,ALCS,DET,AL,1,0,1,1,0,0,0,17,2,1,0,2,10,0.1,1.59,0,0,0,,22,0,1,,,0
smylydr01,2012,ALCS,DET,AL,1,0,2,0,0,0,0,7,1,0,0,0,2,0.125,0,0,0,0,,8,1,0,,,0
verlaju01,2012,ALCS,DET,AL,1,0,1,1,0,0,0,25,3,1,1,0,3,0.107,1.08,0,0,0,,28,0,1,,,0
chambjo03,2012,ALCS,NYA,AL,0,0,3,0,0,0,0,4,3,0,0,0,0,0.429,0,0,0,0,,7,1,0,,,0
eppleco01,2012,ALCS,NYA,AL,0,0,4,0,0,0,0,11,4,0,0,1,4,0.25,0,0,0,0,,17,1,0,,,0
hugheph01,2012,ALCS,NYA,AL,0,1,1,1,0,0,0,9,3,1,1,3,1,0.25,3,0,0,0,,15,0,1,,,0
loganbo02,2012,ALCS,NYA,AL,0,0,3,0,0,0,0,9,3,0,0,0,1,0.273,0,0,0,0,,11,0,0,,,1
phelpda01,2012,ALCS,NYA,AL,0,1,2,0,0,0,0,6,5,2,0,1,1,0.417,9,0,0,0,,13,1,3,,,0
rapadcl01,2012,ALCS,NYA,AL,0,0,4,0,0,0,0,4,0,0,0,2,1,0,0,1,0,0,,6,0,0,,,0
roberda08,2012,ALCS,NYA,AL,0,0,2,0,0,0,0,6,2,1,1,0,2,0.25,4.5,0,0,0,,8,1,1,,,0
sabatcc01,2012,ALCS,NYA,AL,0,1,1,1,0,0,0,11,11,5,2,2,3,0.478,12.27,0,0,0,,25,0,6,,,0
chenwe02,2012,ALDS1,BAL,AL,1,0,1,1,0,0,0,19,8,1,0,1,3,0.286,1.42,0,0,0,,29,0,2,,,0
gonzami03,2012,ALDS1,BAL,AL,0,0,1,1,0,0,0,21,5,1,0,0,8,0.2,1.29,0,0,0,,25,0,1,,,1
hammeja01,2012,ALDS1,BAL,AL,0,1,2,2,0,0,0,34,8,4,0,6,11,0.205,3.18,2,0,0,,45,0,4,,,1
hunteto02,2012,ALDS1,BAL,AL,0,0,2,0,0,0,0,4,0,0,0,0,1,0,0,0,0,0,,5,1,0,,,0
johnsji04,2012,ALDS1,BAL,AL,0,1,4,0,0,0,2,13,6,5,2,0,4,0.316,10.38,0,0,0,,19,2,6,,,0
matusbr01,2012,ALDS1,BAL,AL,0,1,5,0,0,0,0,13,2,1,1,2,5,0.143,2.08,1,1,0,,16,2,1,,,1
odayda01,2012,ALDS1,BAL,AL,0,0,4,0,0,0,0,15,0,0,0,1,4,0,0,0,0,0,,16,0,0,,,0
pattotr01,2012,ALDS1,BAL,AL,0,0,3,0,0,0,0,6,3,1,1,2,3,0.333,4.5,0,0,0,,11,0,1,,,0
saundjo01,2012,ALDS1,BAL,AL,0,0,1,1,0,0,0,17,3,1,0,4,5,0.176,1.59,0,0,0,,22,0,1,,,1
stroppe01,2012,ALDS1,BAL,AL,1,0,2,0,0,0,0,7,1,0,0,1,2,0.125,0,0,0,0,,9,0,0,,,0
chambjo03,2012,ALDS1,NYA,AL,0,0,1,0,0,0,0,3,1,0,0,0,1,0.25,0,0,0,0,,4,0,0,,,0
hugheph01,2012,ALDS1,NYA,AL,0,0,1,1,0,0,0,20,4,1,1,3,8,0.167,1.35,0,0,0,,27,0,1,,,0
loganbo02,2012,ALDS1,NYA,AL,0,0,2,0,0,0,0,2,0,0,0,0,1,0,0,0,0,0,,2,0,0,,,0
phelpda01,2012,ALDS1,NYA,AL,0,1,1,0,0,0,0,4,2,1,0,0,1,0.333,6.75,0,0,0,,6,0,1,,,0
rapadcl01,2012,ALDS1,NYA,AL,0,0,1,0,0,0,0,1,0,0,0,0,0,0,0,0,0,0,,1,0,0,,,0
roberda08,2012,ALDS1,NYA,AL,1,0,4,0,0,0,0,13,1,0,0,0,5,0.071,0,0,0,0,,14,3,0,,,0
sabatcc01,2012,ALDS1,NYA,AL,2,0,2,2,1,0,0,53,12,3,0,3,16,0.19,1.53,0,0,0,,67,0,3,,,2
albural01,2012,ALDS2,DET,AL,1,0,2,0,0,0,0,4,0,0,0,0,1,0,0,0,0,0,,4,1,0,,,0
cokeph01,2012,ALDS2,DET,AL,0,0,3,0,0,0,0,5,1,0,0,2,1,0.167,0,0,0,0,,8,0,0,,,0
fistedo01,2012,ALDS2,DET,AL,0,0,1,1,0,0,0,21,6,2,0,2,8,0.25,2.57,0,0,2,,29,0,2,,,1
porceri01,2012,ALDS2,DET,AL,0,0,1,0,0,0,0,1,0,0,0,0,0,0,0,0,0,0,,1,1,0,,,0
sanchan01,2012,ALDS2,DET,AL,0,1,1,1,0,0,0,19,5,2,1,2,3,0.227,2.84,0,0,0,,24,0,2,,,1
scherma01,2012,ALDS2,DET,AL,0,0,1,1,0,0,0,16,3,0,0,1,8,0.158,0,0,1,0,,20,0,1,,,0
verlaju01,2012,ALDS2,DET,AL,2,0,2,2,1,1,0,48,7,1,1,5,22,0.13,0.56,0,0,0,,59,0,1,,,0
anderbr04,2012,ALDS2,OAK,AL,1,0,1,1,0,0,0,18,2,0,0,2,6,0.105,0,0,0,0,,21,0,0,,,1
blevije01,2012,ALDS2,OAK,AL,0,0,3,0,0,0,0,11,1,0,0,0,0,0.083,0,0,0,0,,12,1,0,,,1
cookry01,2012,ALDS2,OAK,AL,1,0,4,0,0,0,0,10,4,3,0,1,4,0.308,8.1,0,1,1,,16,1,3,,,0
doolise01,2012,ALDS2,OAK,AL,0,0,3,0,0,0,0,8,5,1,0,0,5,0.385,3.38,0,0,0,,14,0,3,,,0
griffaj01,2012,ALDS2,OAK,AL,0,0,1,1,0,0,0,15,7,2,1,0,1,0.35,3.6,0,0,0,,21,0,2,,,1
milonto01,2012,ALDS2,OAK,AL,0,0,1,1,0,0,0,18,5,1,0,1,6,0.217,1.5,0,1,1,,25,0,1,,,0
neshepa01,2012,ALDS2,OAK,AL,0,0,1,0,0,0,0,2,0,0,0,0,1,0,0,0,0,0,,2,0,0,,,0
parkeja02,2012,ALDS2,OAK,AL,0,2,2,2,0,0,0,38,14,6,1,2,11,0.286,4.26,0,2,1,,53,0,7,,,1
scribev01,2012,ALDS2,OAK,AL,0,0,1,0,0,0,0,6,0,0,0,0,3,0,0,0,0,0,,6,1,0,,,0
johnsji04,2012,ALWC,BAL,AL,0,0,1,0,0,0,0,3,2,0,0,1,0,0.4,0,0,0,0,,6,1,0,,,0
matusbr01,2012,ALWC,BAL,AL,0,0,1,0,0,0,0,1,0,0,0,0,1,0,0,0,0,0,,1,0,0,,,0
odayda01,2012,ALWC,BAL,AL,0,0,1,0,0,0,0,6,1,0,0,0,1,0.143,0,0,0,0,,7,0,0,,,0
saundjo01,2012,ALWC,BAL,AL,1,0,1,1,0,0,0,17,6,1,0,1,4,0.286,1.59,0,0,0,,22,0,1,,,3
darviyu01,2012,ALWC,TEX,AL,0,1,1,1,0,0,0,20,5,2,0,0,7,0.208,2.7,0,0,1,,27,0,3,,,0
hollade01,2012,ALWC,TEX,AL,0,0,1,0,0,0,0,1,1,0,0,0,1,0.5,0,0,1,0,,2,0,0,,,0
bumgama01,2012,NLCS,SFN,NL,0,1,1,1,0,0,0,11,8,6,2,1,2,0.421,14.73,0,0,0,,20,0,6,,,0
cainma01,2012,NLCS,SFN,NL,1,1,2,2,0,0,0,37,11,3,1,2,6,0.234,2.19,1,0,2,,51,0,3,,,1
garcija01,2012,NLCS,SFN,NL,0,0,4,0,0,0,0,7,2,0,0,0,3,0.2,0,0,1,0,,10,0,0,,,0
kontoge01,2012,NLCS,SFN,NL,0,0,3,0,0,0,0,4,2,2,0,0,0,0.4,13.5,0,0,0,,6,1,2,,,0
linceti01,2012,NLCS,SFN,NL,0,1,2,1,0,0,0,20,6,4,0,4,4,0.25,5.4,0,0,0,,29,0,4,,,1
mijarjo01,2012,NLCS,SFN,NL,0,0,3,0,0,0,0,6,1,0,0,1,3,0.143,0,0,0,0,,8,1,0,,,0
romose01,2012,NLCS,SFN,NL,0,0,4,0,0,0,0,10,2,0,0,0,3,0.167,0,0,1,0,,12,4,0,,,0
boggsmi01,2012,NLCS,SLN,NL,0,0,4,0,0,0,0,10,4,2,1,2,3,0.308,5.4,0,0,0,,15,0,2,,,1
kellyjo05,2012,NLCS,SLN,NL,0,0,4,0,0,0,0,12,6,2,0,3,2,0.316,4.5,0,0,0,,22,0,2,,,0
lynnla01,2012,NLCS,SLN,NL,0,1,2,2,0,0,0,22,9,4,0,4,9,0.29,4.91,0,0,0,,36,0,8,,,0
millesh01,2012,NLCS,SLN,NL,0,0,2,0,0,0,0,10,4,2,0,1,4,0.286,5.4,0,0,0,,15,0,2,,,0
motteja01,2012,NLCS,SLN,NL,0,0,3,0,0,0,2,12,2,1,1,0,0,0.143,2.25,0,0,0,,14,3,1,,,0
mujiced01,2012,NLCS,SLN,NL,1,0,5,0,0,0,0,12,4,0,0,0,3,0.25,0,0,0,0,,16,2,0,,,0
rosentr01,2012,NLCS,SLN,NL,0,0,4,0,0,0,0,16,1,0,0,2,9,0.059,0,0,0,0,,19,0,0,,,0
rzepcma01,2012,NLCS,SLN,NL,0,0,3,0,0,0,0,4,1,1,0,1,2,0.2,6.75,0,0,0,,6,1,1,,,0
salasfe01,2012,NLCS,SLN,NL,0,0,4,0,0,0,0,14,3,2,1,0,4,0.176,3.86,0,0,0,,17,1,2,,,0
wainwad01,2012,NLCS,SLN,NL,1,0,1,1,0,0,0,21,4,1,1,0,5,0.16,1.29,0,0,0,,25,0,1,,,0
boggsmi01,2012,NLDS1,SLN,NL,0,1,4,0,0,0,0,11,3,0,0,1,2,0.214,0,0,0,0,,16,0,2,,,0
garcija02,2012,NLDS1,SLN,NL,0,0,1,1,0,0,0,6,2,1,0,3,3,0.25,4.5,0,0,0,,11,0,1,,,0
kellyjo05,2012,NLDS1,SLN,NL,0,0,3,0,0,0,0,11,0,0,0,1,3,0,0,0,0,0,,12,1,0,,,0
lynnla01,2012,NLDS1,SLN,NL,1,1,3,0,0,0,0,10,4,3,3,2,6,0.286,8.1,0,0,0,,16,1,3,,,0
motteja01,2012,NLDS1,SLN,NL,1,0,2,0,0,0,0,9,3,1,0,0,1,0.25,3,0,0,0,,12,2,1,,,0
mujiced01,2012,NLDS1,SLN,NL,0,0,3,0,0,0,0,9,3,1,0,1,1,0.3,3,0,0,0,,12,0,1,,,0
rosentr01,2012,NLDS1,SLN,NL,0,0,3,0,0,0,0,10,1,0,0,0,6,0.091,0,0,0,0,,11,1,0,,,0
rzepcma01,2012,NLDS1,SLN,NL,0,0,1,0,0,0,0,1,1,0,0,0,1,0.5,0,0,0,0,,2,0,0,,,0
salasfe01,2012,NLDS1,SLN,NL,0,0,1,0,0,0,0,3,0,0,0,0,1,0,0,0,0,0,,3,0,0,,,0
wainwad01,2012,NLDS1,SLN,NL,0,0,2,2,0,0,0,24,13,7,3,3,15,0.351,7.88,0,1,0,,40,0,7,,,0
burnese01,2012,NLDS1,WAS,NL,0,0,2,0,0,0,0,3,3,3,1,1,1,0.5,27,0,0,0,,7,0,4,,,0
clippty01,2012,NLDS1,WAS,NL,0,0,3,0,0,0,0,9,1,1,1,1,5,0.1,3,0,0,0,,12,0,1,,,0
detwiro01,2012,NLDS1,WAS,NL,0,0,1,1,0,0,0,18,3,0,0,3,2,0.15,0,1,0,0,,25,0,1,,,0
garcich02,2012,NLDS1,WAS,NL,0,0,2,0,0,0,0,8,2,1,0,4,4,0.222,3.38,1,0,0,,13,0,1,,,1
gonzagi01,2012,NLDS1,WAS,NL,0,0,2,2,0,0,0,30,6,5,0,11,10,0.182,4.5,0,2,0,,45,0,5,,,1
gorzeto01,2012,NLDS1,WAS,NL,0,0,1,0,0,0,0,1,1,0,0,0,0,0.5,0,0,0,0,,2,1,0,,,0
jacksed01,2012,NLDS1,WAS,NL,0,1,2,1,0,0,0,18,9,5,1,3,6,0.375,7.5,0,0,0,,28,0,5,,,2
matthry01,2012,NLDS1,WAS,NL,1,0,3,0,0,0,0,9,3,2,0,1,0,0.273,6,0,0,0,,12,0,2,,,1
stammcr01,2012,NLDS1,WAS,NL,0,0,4,0,0,0,0,9,5,3,1,2,3,0.357,9,0,0,3,,21,0,3,,,0
storedr01,2012,NLDS1,WAS,NL,1,1,4,0,0,0,1,12,3,4,0,3,6,0.2,9,0,0,0,,18,4,4,,,0
zimmejo02,2012,NLDS1,WAS,NL,0,1,2,1,0,0,0,12,7,5,1,0,5,0.389,11.25,0,0,0,,18,0,5,,,0
arredjo01,2012,NLDS2,CIN,NL,0,0,2,0,0,0,0,4,4,3,1,2,0,0.5,20.25,0,1,0,,10,1,3,,,0
baileho02,2012,NLDS2,CIN,NL,0,0,1,1,0,0,0,21,1,1,0,1,10,0.05,1.29,0,0,1,,24,0,1,,,0
broxtjo01,2012,NLDS2,CIN,NL,0,1,3,0,0,0,0,9,4,0,0,1,4,0.286,0,0,0,0,,15,1,1,,,0
chapmar01,2012,NLDS2,CIN,NL,0,0,3,0,0,0,0,9,2,1,0,2,3,0.182,3,0,2,0,,13,2,1,,,0
cuetojo01,2012,NLDS2,CIN,NL,0,0,1,1,0,0,0,1,0,0,0,0,1,0,0,0,0,0,,1,0,0,,,0
hoovejj01,2012,NLDS2,CIN,NL,0,0,2,0,0,0,0,8,0,0,0,2,2,0,0,0,0,0,,8,0,0,,,2
latosma01,2012,NLDS2,CIN,NL,0,1,2,1,0,0,0,25,11,6,2,2,5,0.297,6.48,0,0,0,,39,0,7,,,0
leakemi01,2012,NLDS2,CIN,NL,0,1,1,1,0,0,0,13,6,5,2,2,1,0.353,10.38,0,0,0,,20,0,5,,,0
lecursa01,2012,NLDS2,CIN,NL,1,0,3,0,0,0,0,12,2,0,0,2,5,0.154,0,1,0,0,,16,0,0,,,0
marshse01,2012,NLDS2,CIN,NL,0,0,3,0,0,0,0,12,0,0,0,0,3,0,0,0,0,0,,12,0,0,,,0
simonal01,2012,NLDS2,CIN,NL,0,0,1,0,0,0,0,3,1,0,0,1,1,0.25,0,0,0,0,,5,1,0,,,0
bumgama01,2012,NLDS2,SFN,NL,0,1,1,1,0,0,0,13,7,4,1,1,4,0.35,8.31,0,0,0,,21,0,4,,,0
cainma01,2012,NLDS2,SFN,NL,1,1,2,2,0,0,0,32,11,6,3,3,9,0.268,5.06,0,0,2,,46,0,6,,,2
garcija01,2012,NLDS2,SFN,NL,0,0,5,0,0,0,0,10,6,1,0,1,5,0.375,2.7,0,1,0,,17,2,2,,,0
kontoge01,2012,NLDS2,SFN,NL,0,0,4,0,0,0,0,11,2,0,0,0,2,0.167,0,0,0,0,,12,0,0,,,1
linceti01,2012,NLDS2,SFN,NL,1,0,2,0,0,0,0,19,3,1,0,0,8,0.143,1.42,0,0,0,,22,0,1,,,0
mijarjo01,2012,NLDS2,SFN,NL,0,0,2,0,0,0,0,1,2,3,0,1,1,0.667,81,0,0,0,,4,0,3,,,0
romose01,2012,NLDS2,SFN,NL,1,0,3,0,0,0,1,13,2,1,0,1,1,0.133,2.08,0,0,0,,16,3,1,,,0
kimbrcr01,2012,NLWC,ATL,NL,0,0,1,0,0,0,0,3,0,0,0,0,1,0,0,0,0,0,,3,1,0,,,0
medlekr01,2012,NLWC,ATL,NL,0,1,1,1,0,0,0,19,3,2,1,0,4,0.136,2.84,0,0,1,,25,0,5,,,0
oflaher01,2012,NLWC,ATL,NL,0,0,1,0,0,0,0,3,2,0,0,0,0,0.5,0,0,0,0,,4,0,0,,,1
ventejo01,2012,NLWC,ATL,NL,0,0,1,0,0,0,0,2,1,0,0,0,0,0.5,0,0,0,0,,2,0,0,,,1
boggsmi01,2012,NLWC,SLN,NL,0,0,1,0,0,0,0,2,1,0,0,1,0,0.333,0,0,0,0,,4,0,0,,,0
lynnla01,2012,NLWC,SLN,NL,0,0,1,0,0,0,0,1,0,0,0,0,0,0,0,0,0,0,,1,0,0,,,0
motteja01,2012,NLWC,SLN,NL,0,0,1,0,0,0,1,4,2,0,0,1,1,0.333,0,0,0,0,,7,1,0,,,0
mujiced01,2012,NLWC,SLN,NL,0,0,1,0,0,0,0,2,2,1,0,0,0,0.5,13.5,0,0,0,,4,0,1,,,0
rzepcma01,2012,NLWC,SLN,NL,0,0,1,0,0,0,0,1,1,0,0,0,0,0.5,0,0,0,0,,2,0,0,,,0
albural01,2012,WS,DET,AL,0,0,1,0,0,0,0,6,1,1,1,0,2,0.143,4.5,0,0,0,,7,0,1,,,0
cokeph01,2012,WS,DET,AL,0,1,3,0,0,0,0,10,2,1,0,0,8,0.182,2.7,0,0,0,,12,3,1,,,0
fistedo01,2012,WS,DET,AL,0,1,1,1,0,0,0,18,4,1,0,1,3,0.182,1.5,0,0,0,,23,0,1,,,0
porceri01,2012,WS,DET,AL,0,0,1,0,0,0,0,3,0,0,0,0,1,0,0,0,0,0,,3,1,0,,,0
sanchan01,2012,WS,DET,AL,0,1,1,1,0,0,0,21,6,2,0,1,8,0.222,2.57,0,1,0,,28,0,2,,,0
scherma01,2012,WS,DET,AL,0,0,1,1,0,0,0,19,7,3,1,1,8,0.28,4.26,0,0,0,,26,0,3,,,0
smylydr01,2012,WS,DET,AL,0,0,2,0,0,0,0,5,1,1,0,3,2,0.2,5.4,1,0,0,,8,0,1,,,1
verlaju01,2012,WS,DET,AL,0,1,1,1,0,0,0,12,6,5,2,1,4,0.333,11.25,0,0,0,,19,0,5,,,0
bumgama01,2012,WS,SFN,NL,1,0,1,1,0,0,0,21,2,0,0,2,8,0.1,0,0,0,1,,23,0,0,,,1
cainma01,2012,WS,SFN,NL,0,0,1,1,0,0,0,21,5,3,2,2,5,0.192,3.86,0,0,0,,28,0,3,,,0
garcija01,2012,WS,SFN,NL,1,0,2,0,0,0,0,4,0,0,0,0,0,0,0,0,0,1,,5,0,0,,,0
kontoge01,2012,WS,SFN,NL,0,0,1,0,0,0,0,1,2,2,1,1,0,0.667,54,0,0,0,,4,0,2,,,0
linceti01,2012,WS,SFN,NL,0,0,2,0,0,0,0,14,0,0,0,1,8,0,0,0,0,0,,16,0,0,,,0
mijarjo01,2012,WS,SFN,NL,0,0,1,0,0,0,0,1,0,0,0,0,0,0,0,0,0,0,,1,0,0,,,0
romose01,2012,WS,SFN,NL,0,0,3,0,0,0,3,9,0,0,0,0,5,0,0,0,0,0,,9,3,0,,,0
breslcr01,2013,ALCS,BOS,AL,0,0,4,0,0,0,0,10,1,0,0,4,2,0.091,0,1,0,0,0,15,0,0,,,0
buchhcl01,2013,ALCS,BOS,AL,0,0,2,2,0,0,0,32,12,7,2,2,10,0.279,5.91,0,1,1,0,46,0,7,,,2
doubrfe01,2013,ALCS,BOS,AL,0,0,2,0,0,0,0,7,1,0,0,2,1,0.143,0,0,0,1,0,10,1,0,,,1
lestejo01,2013,ALCS,BOS,AL,1,1,2,2,0,0,0,35,13,3,0,4,7,0.295,2.31,0,0,2,0,51,0,3,,,2
moralfr01,2013,ALCS,BOS,AL,0,0,2,0,0,0,0,3,2,0,0,1,0,0.4,0,0,0,0,0,6,0,0,,,0
peavyja01,2013,ALCS,BOS,AL,0,1,1,1,0,0,0,9,5,7,0,3,1,0.357,21,0,0,0,0,17,0,7,,,0
tazawju01,2013,ALCS,BOS,AL,1,0,4,0,0,0,0,8,4,1,0,0,1,0.4,3.38,0,0,0,0,10,0,1,,,2
workmbr01,2013,ALCS,BOS,AL,0,0,3,0,0,0,0,14,3,0,0,2,3,0.2,0,0,0,0,0,18,0,0,,,0
albural01,2013,ALCS,DET,AL,0,0,6,0,0,0,0,12,2,1,0,2,7,0.154,2.25,1,0,0,0,16,3,1,,,0
cokeph01,2013,ALCS,DET,AL,0,0,4,0,0,0,0,3,1,1,0,0,0,0.25,9,0,0,0,0,4,0,1,,,0
fistedo01,2013,ALCS,DET,AL,1,0,1,1,0,0,0,18,8,1,0,1,7,0.308,1.5,0,0,0,0,27,0,1,,,0
porceri01,2013,ALCS,DET,AL,0,1,1,0,0,0,0,0,2,0,0,0,0,1,,0,1,0,0,2,1,1,,,0
sanchan01,2013,ALCS,DET,AL,1,1,2,2,0,0,0,36,9,3,1,6,17,0.196,2.25,0,3,0,0,52,0,4,,,1
scherma01,2013,ALCS,DET,AL,0,1,2,2,0,0,0,40,6,4,0,7,21,0.14,2.7,0,1,2,0,52,0,4,,,2
smylydr01,2013,ALCS,DET,AL,0,0,4,0,0,0,0,6,0,1,0,1,1,0,4.5,0,0,0,0,8,0,2,,,0
verasjo01,2013,ALCS,DET,AL,0,0,5,0,0,0,0,10,3,2,1,0,6,0.231,5.4,0,0,0,0,13,0,2,,,0
verlaju01,2013,ALCS,DET,AL,0,1,1,1,0,0,0,24,4,1,1,1,10,0.143,1.13,0,1,0,0,29,0,1,,,0
breslcr01,2013,ALDS1,BOS,AL,1,0,3,0,0,0,0,11,2,0,0,1,4,0.167,0,0,0,1,0,14,0,0,,,1
buchhcl01,2013,ALDS1,BOS,AL,0,0,1,1,0,0,0,18,7,3,1,3,5,0.292,4.5,0,0,0,0,27,0,3,,,0
lestejo01,2013,ALDS1,BOS,AL,1,0,1,1,0,0,0,23,3,2,2,3,7,0.115,2.35,0,0,0,0,29,0,2,,,0
moralfr01,2013,ALDS1,BOS,AL,0,0,1,0,0,0,0,1,1,1,0,1,0,0.5,27,0,0,0,0,3,0,1,,,0
peavyja01,2013,ALDS1,BOS,AL,0,0,1,1,0,0,0,17,5,1,0,0,3,0.25,1.59,0,0,0,0,20,0,1,,,2
tazawju01,2013,ALDS1,BOS,AL,0,0,4,0,0,0,0,7,1,0,0,0,2,0.143,0,0,1,0,0,7,0,0,,,1
workmbr01,2013,ALDS1,BOS,AL,0,0,1,0,0,0,0,2,1,0,0,0,0,0.333,0,0,0,0,0,3,0,0,,,0
archech01,2013,ALDS1,TBA,AL,0,0,2,0,0,0,0,5,1,0,0,0,2,0.2,0,0,0,0,0,6,0,0,,,0
cobbal01,2013,ALDS1,TBA,AL,0,0,1,1,0,0,0,15,5,2,0,2,5,0.25,3.6,0,1,1,0,23,0,3,,,0
hellije01,2013,ALDS1,TBA,AL,0,0,1,1,0,0,0,3,1,0,0,2,0,0.25,0,0,0,0,0,6,0,0,,,0
mcgeeja01,2013,ALDS1,TBA,AL,0,1,3,0,0,0,0,8,3,2,0,3,2,0.273,6.75,1,0,0,0,14,1,2,,,0
moorema02,2013,ALDS1,TBA,AL,0,1,2,1,0,0,0,19,9,7,0,3,7,0.321,9.95,1,1,1,0,32,0,8,,,1
priceda01,2013,ALDS1,TBA,AL,0,1,1,1,0,0,0,21,9,7,2,2,5,0.321,9,0,0,0,0,31,0,7,,,1
torreal01,2013,ALDS1,TBA,AL,0,0,3,0,0,0,0,12,2,0,0,0,5,0.143,0,0,0,1,0,15,0,0,,,0
wrighwe01,2013,ALDS1,TBA,AL,0,0,2,0,0,0,0,2,1,0,0,1,1,0.333,0,1,0,0,0,4,1,0,,,0
albural01,2013,ALDS2,DET,AL,0,1,1,0,0,0,0,2,2,1,0,1,2,0.5,13.5,1,0,0,0,5,0,1,,,0
alvarjo02,2013,ALDS2,DET,AL,0,0,1,0,0,0,0,9,0,0,0,1,3,0,0,0,0,0,0,10,0,0,,,0
fistedo01,2013,ALDS2,DET,AL,0,0,1,1,0,0,0,18,7,3,1,1,1,0.292,4.5,0,1,0,0,25,0,3,,,1
porceri01,2013,ALDS2,DET,AL,0,0,1,0,0,0,0,0,1,0,0,0,0,1,,0,0,0,0,1,1,0,,,0
sanchan01,2013,ALDS2,DET,AL,0,1,1,1,0,0,0,13,8,5,3,2,6,0.381,10.38,0,0,0,0,24,0,6,,,0
scherma01,2013,ALDS2,DET,AL,2,0,2,1,0,0,0,27,6,3,1,4,13,0.188,3,1,1,0,0,37,0,3,,,0
smylydr01,2013,ALDS2,DET,AL,0,0,2,0,0,0,0,3,1,0,0,2,2,0.25,0,0,0,0,0,6,0,0,,,0
verasjo01,2013,ALDS2,DET,AL,0,0,1,0,0,0,0,5,2,0,0,0,3,0.286,0,0,0,0,0,7,1,0,,,0
verlaju01,2013,ALDS2,DET,AL,1,0,2,2,0,0,0,45,6,0,0,2,21,0.118,0,0,0,0,0,53,0,0,,,0
anderbr04,2013,ALDS2,OAK,AL,0,0,1,0,0,0,0,1,1,1,0,1,1,0.5,27,0,1,0,0,3,1,1,,,0
cookry01,2013,ALDS2,OAK,AL,0,0,1,0,0,0,0,2,1,2,0,1,1,0.333,27,0,0,0,0,4,0,2,,,0
doolise01,2013,ALDS2,OAK,AL,0,1,4,0,0,0,0,13,3,2,1,2,6,0.176,4.15,0,0,0,0,19,1,2,,,0
grayso01,2013,ALDS2,OAK,AL,0,1,2,2,0,0,0,39,10,3,1,6,12,0.217,2.08,1,0,0,0,53,0,3,,,0
oteroda01,2013,ALDS2,OAK,AL,0,0,4,0,0,0,0,17,4,0,0,1,2,0.2,0,0,0,0,0,21,0,0,,,1
parkeja02,2013,ALDS2,OAK,AL,1,0,1,1,0,0,0,15,5,3,0,1,1,0.263,5.4,0,0,0,0,20,0,3,,,1
straida01,2013,ALDS2,OAK,AL,0,0,1,1,0,0,0,18,4,3,1,0,8,0.19,4.5,0,0,1,0,22,0,3,,,1
allenco01,2013,ALWC,CLE,AL,0,0,1,0,0,0,0,1,1,0,0,0,1,0.5,0,0,0,0,0,2,0,1,,,0
masteju01,2013,ALWC,CLE,AL,0,0,1,0,0,0,0,6,1,0,0,0,2,0.167,0,0,0,1,0,7,0,0,,,1
rzepcma01,2013,ALWC,CLE,AL,0,0,1,0,0,0,0,1,0,0,0,0,1,0,0,0,0,0,0,1,0,0,,,0
salazda01,2013,ALWC,CLE,AL,0,1,1,1,0,0,0,12,4,3,1,2,4,0.25,6.75,1,0,0,0,18,0,3,,,0
shawbr01,2013,ALWC,CLE,AL,0,0,1,0,0,0,0,5,1,0,0,0,2,0.2,0,0,0,0,0,5,0,0,,,0
smithjo05,2013,ALWC,CLE,AL,0,0,1,0,0,0,0,2,1,0,0,0,1,0.25,0,0,0,0,0,4,1,0,,,0
cobbal01,2013,ALWC,TBA,AL,1,0,1,1,0,0,0,20,8,0,0,1,5,0.296,0,0,0,0,0,28,0,0,,,1
mcgeeja01,2013,ALWC,TBA,AL,0,0,1,0,0,0,0,1,0,0,0,0,1,0,0,0,0,0,0,1,0,0,,,0
belisro01,2013,NLCS,LAN,NL,0,0,4,0,0,0,0,8,1,2,0,1,1,0.1,6.75,1,0,1,0,12,0,2,,,0
greinza01,2013,NLCS,LAN,NL,1,0,2,2,0,0,0,45,10,4,0,2,14,0.192,2.4,0,0,0,0,54,0,4,,,2
howeljp01,2013,NLCS,LAN,NL,0,0,4,0,0,0,0,11,4,1,1,2,3,0.286,2.45,0,1,0,0,17,1,1,,,0
janseke01,2013,NLCS,LAN,NL,0,0,3,0,0,0,1,6,5,2,0,0,3,0.455,9,0,0,0,0,11,3,2,,,0
kershcl01,2013,NLCS,LAN,NL,0,2,2,2,0,0,0,30,12,7,0,3,10,0.3,6.3,1,2,0,0,44,0,8,,,1
marmoca01,2013,NLCS,LAN,NL,0,0,2,0,0,0,0,11,1,0,0,1,5,0.083,0,0,0,0,0,13,2,0,,,0
nolasri01,2013,NLCS,LAN,NL,0,1,1,1,0,0,0,12,3,3,1,1,4,0.214,6.75,0,0,0,0,16,0,3,,,0
ryuhy01,2013,NLCS,LAN,NL,1,0,1,1,0,0,0,21,3,0,0,1,4,0.13,0,0,0,0,0,24,0,0,,,0
wilsobr01,2013,NLCS,LAN,NL,0,0,3,0,0,0,0,9,1,0,0,2,4,0.1,0,0,0,0,0,12,0,0,,,0
withrch01,2013,NLCS,LAN,NL,0,1,3,0,0,0,0,13,2,1,0,5,2,0.154,2.08,0,1,0,1,19,0,1,,,2
axforjo01,2013,NLCS,SLN,NL,0,0,2,0,0,0,0,6,2,1,1,1,4,0.25,4.5,0,0,0,0,9,1,1,,,0
kellyjo05,2013,NLCS,SLN,NL,0,1,2,2,0,0,0,33,13,6,2,2,8,0.289,4.91,0,1,1,0,48,0,6,,,1
lynnla01,2013,NLCS,SLN,NL,2,0,2,1,0,0,0,22,7,2,0,4,6,0.269,2.45,1,0,0,0,31,1,2,,,2
manesse01,2013,NLCS,SLN,NL,0,0,3,0,0,0,0,4,2,0,0,0,1,0.4,0,0,0,0,0,5,0,0,,,1
martica04,2013,NLCS,SLN,NL,0,0,4,0,0,0,0,14,1,0,0,1,4,0.077,0,0,0,0,0,14,0,0,,,1
mujiced01,2013,NLCS,SLN,NL,0,0,1,0,0,0,0,3,1,1,1,0,0,0.25,9,0,0,0,0,4,0,1,,,0
rosentr01,2013,NLCS,SLN,NL,0,0,4,0,0,0,2,15,2,0,0,1,7,0.133,0,1,0,0,0,16,3,0,,,1
siegrke01,2013,NLCS,SLN,NL,0,0,3,0,0,0,0,3,1,1,0,0,1,0.25,9,0,2,0,0,4,0,1,,,0
wachami01,2013,NLCS,SLN,NL,2,0,2,2,0,0,0,41,7,0,0,2,13,0.149,0,1,0,0,0,49,0,0,,,1
wainwad01,2013,NLCS,SLN,NL,0,1,1,1,0,0,0,21,6,2,0,0,5,0.231,2.57,0,0,0,0,26,0,2,,,1
colege01,2013,NLDS1,PIT,NL,1,1,2,2,0,0,0,33,5,3,2,2,10,0.132,2.45,0,0,0,0,40,0,3,,,0
gomezje01,2013,NLDS1,PIT,NL,0,0,1,0,0,0,0,12,3,0,0,2,0,0.214,0,0,0,0,0,17,0,2,,,0
liriafr01,2013,NLDS1,PIT,NL,0,0,1,1,0,0,0,18,3,2,0,2,5,0.143,3,0,1,1,0,24,0,2,,,0
mazzavi01,2013,NLDS1,PIT,NL,0,0,3,0,0,0,0,5,0,0,0,0,2,0,0,0,0,0,0,5,0,0,,,0
melanma01,2013,NLDS1,PIT,NL,1,0,4,0,0,0,0,11,5,4,2,1,2,0.333,9.82,0,0,0,0,16,1,4,,,1
morribr01,2013,NLDS1,PIT,NL,0,0,1,0,0,0,0,3,1,0,0,0,1,0.25,0,0,0,0,0,4,1,0,,,0
mortoch02,2013,NLDS1,PIT,NL,0,1,1,1,0,0,0,17,3,2,1,4,4,0.158,3.18,0,0,0,0,24,0,2,,,0
watsoto01,2013,NLDS1,PIT,NL,0,0,3,0,0,0,0,9,2,0,0,1,1,0.182,0,0,0,0,0,12,0,0,,,0
wilsoju10,2013,NLDS1,PIT,NL,0,0,2,0,0,0,0,8,2,1,0,1,3,0.2,3.38,0,0,0,0,11,0,1,,,0
axforjo01,2013,NLDS1,SLN,NL,0,0,2,0,0,0,0,4,0,0,0,2,0,0,0,0,0,0,0,6,0,0,,,0
kellyjo05,2013,NLDS1,SLN,NL,0,0,1,1,0,0,0,16,5,2,0,4,5,0.263,3.38,1,0,0,0,24,0,3,,,0
lynnla01,2013,NLDS1,SLN,NL,0,1,1,1,0,0,0,13,7,5,1,3,6,0.35,10.38,1,0,1,0,24,0,5,,,0
manesse01,2013,NLDS1,SLN,NL,0,0,2,0,0,0,0,4,1,0,0,0,0,0.25,0,0,0,0,0,5,0,0,,,0
martica04,2013,NLDS1,SLN,NL,0,1,3,0,0,0,0,6,1,2,0,1,2,0.167,9,0,0,0,0,7,0,2,,,0
millesh01,2013,NLDS1,SLN,NL,0,0,1,0,0,0,0,3,1,1,1,0,1,0.25,9,0,0,0,0,4,0,1,,,0
mujiced01,2013,NLDS1,SLN,NL,0,0,1,0,0,0,0,3,0,0,0,0,0,0,0,0,0,0,0,3,1,0,,,0
rosentr01,2013,NLDS1,SLN,NL,0,0,2,0,0,0,1,6,1,0,0,1,2,0.143,0,0,0,0,0,8,2,0,,,0
siegrke01,2013,NLDS1,SLN,NL,0,0,2,0,0,0,0,5,3,0,0,0,0,0.429,0,0,0,0,0,8,1,1,,,1
wachami01,2013,NLDS1,SLN,NL,1,0,1,1,0,0,0,22,1,1,1,2,9,0.043,1.23,0,0,0,0,25,0,1,,,0
wainwad01,2013,NLDS1,SLN,NL,2,0,2,2,1,0,0,48,11,2,1,1,15,0.196,1.13,0,0,0,0,57,0,2,,,1
avilalu01,2013,NLDS2,ATL,NL,0,0,4,0,0,0,0,8,3,0,0,1,1,0.3,0,1,0,0,0,11,1,0,,,1
carpeda01,2013,NLDS2,ATL,NL,0,1,3,0,0,0,0,8,3,4,2,1,3,0.273,13.5,0,0,0,0,12,1,4,,,0
haleda02,2013,NLDS2,ATL,NL,0,0,1,0,0,0,0,1,0,0,0,0,0,0,0,0,0,0,0,1,1,0,,,0
kimbrcr01,2013,NLDS2,ATL,NL,0,0,1,0,0,0,1,4,0,0,0,2,2,0,0,0,0,0,0,5,1,0,,,0
medlekr01,2013,NLDS2,ATL,NL,0,1,1,1,0,0,0,12,9,5,1,1,4,0.45,11.25,0,0,1,0,23,0,5,,,0
minormi01,2013,NLDS2,ATL,NL,1,0,1,1,0,0,0,19,8,1,0,1,5,0.333,1.42,0,0,0,0,26,0,1,,,2
teherju01,2013,NLDS2,ATL,NL,0,1,1,1,0,0,0,8,8,6,1,1,5,0.533,20.25,0,1,0,0,17,0,6,,,0
waldejo01,2013,NLDS2,ATL,NL,0,0,2,0,0,0,0,8,3,4,0,1,3,0.273,13.5,0,0,1,0,13,0,4,,,0
woodal02,2013,NLDS2,ATL,NL,0,0,2,0,0,0,0,10,3,0,1,0,3,0.214,0,0,1,0,0,14,0,4,,,0
belisro01,2013,NLDS2,LAN,NL,0,0,3,0,0,0,0,3,2,1,0,1,1,0.4,9,0,0,0,0,6,0,1,,,0
greinza01,2013,NLDS2,LAN,NL,0,1,1,1,0,0,0,18,4,2,0,0,3,0.182,3,0,0,0,0,22,0,2,,,0
howeljp01,2013,NLDS2,LAN,NL,0,0,3,0,0,0,0,7,1,0,0,1,3,0.125,0,0,0,0,0,9,0,0,,,0
janseke01,2013,NLDS2,LAN,NL,0,0,3,0,0,0,1,7,1,0,0,1,7,0.125,0,0,0,0,0,9,3,0,,,0
kershcl01,2013,NLDS2,LAN,NL,1,0,2,2,0,0,0,39,6,1,0,4,18,0.13,0.69,0,2,0,0,50,0,3,,,0
rodrist02,2013,NLDS2,LAN,NL,0,0,2,0,0,0,0,2,4,2,1,2,1,0.667,27,1,0,0,0,8,0,2,,,0
ryuhy01,2013,NLDS2,LAN,NL,0,0,1,1,0,0,0,9,6,4,0,1,1,0.4,12,0,0,0,0,16,0,4,,,1
wilsobr01,2013,NLDS2,LAN,NL,1,0,3,0,0,0,0,9,3,0,0,0,4,0.25,0,0,0,0,0,12,1,0,,,0
withrch01,2013,NLDS2,LAN,NL,0,0,1,0,0,0,0,2,1,2,0,1,1,0.5,27,0,0,0,0,4,0,2,,,0
cuetojo01,2013,NLWC,CIN,NL,0,1,1,1,0,0,0,10,8,4,2,1,0,0.471,10.8,0,0,0,0,19,0,4,,,0
hoovejj01,2013,NLWC,CIN,NL,0,0,1,0,0,0,0,2,0,0,0,0,0,0,0,0,0,0,0,2,0,0,,,0
lecursa01,2013,NLWC,CIN,NL,0,0,1,0,0,0,0,3,1,0,0,0,0,0.333,0,0,0,0,0,3,1,0,,,1
marshse01,2013,NLWC,CIN,NL,0,0,1,0,0,0,0,0,1,1,0,2,0,1,,1,0,0,0,3,0,1,,,0
ondrulo01,2013,NLWC,CIN,NL,0,0,1,0,0,0,0,3,1,1,1,0,1,0.25,9,0,0,0,0,4,0,1,,,0
parrama01,2013,NLWC,CIN,NL,0,0,1,0,0,0,0,2,1,0,0,0,1,0.333,0,0,0,0,0,3,0,0,,,0
simonal01,2013,NLWC,CIN,NL,0,0,1,0,0,0,0,4,2,0,0,0,0,0.4,0,0,0,0,0,6,0,0,,,0
liriafr01,2013,NLWC,PIT,NL,1,0,1,1,0,0,0,21,4,1,0,1,5,0.167,1.29,0,0,1,0,26,0,1,,,1
watsoto01,2013,NLWC,PIT,NL,0,0,1,0,0,0,0,3,2,1,1,0,0,0.4,9,0,0,0,0,5,0,1,,,0
breslcr01,2013,WS,BOS,AL,0,0,3,0,0,0,0,1,3,2,0,2,0,1,54,0,0,1,0,7,0,3,,,0
buchhcl01,2013,WS,BOS,AL,0,0,1,1,0,0,0,12,3,0,0,3,2,0.2,0,1,1,0,0,18,0,1,,,0
doubrfe01,2013,WS,BOS,AL,1,0,2,0,0,0,0,14,2,1,0,1,3,0.125,1.93,1,0,0,0,17,0,1,,,0
lestejo01,2013,WS,BOS,AL,2,0,2,2,0,0,0,46,9,1,1,1,15,0.173,0.59,0,0,0,0,54,0,1,,,2
peavyja01,2013,WS,BOS,AL,0,0,1,1,0,0,0,12,6,2,0,1,4,0.353,4.5,0,0,0,0,19,0,2,,,0
tazawju01,2013,WS,BOS,AL,0,0,5,0,0,0,0,7,1,0,0,1,3,0.125,0,0,0,0,0,9,0,0,,,0
workmbr01,2013,WS,BOS,AL,0,1,3,0,0,0,0,10,3,0,0,1,1,0.231,0,1,0,0,0,14,0,1,,,0
axforjo01,2013,WS,SLN,NL,0,0,2,0,0,0,0,7,0,0,0,1,5,0,0,0,0,0,0,8,1,0,,,0
kellyjo05,2013,WS,SLN,NL,0,0,1,1,0,0,0,16,2,2,0,3,6,0.111,3.38,0,0,0,0,21,0,2,,,0
lynnla01,2013,WS,SLN,NL,0,1,2,1,0,0,0,17,5,3,0,4,5,0.25,4.76,0,0,0,0,25,0,3,,,1
manesse01,2013,WS,SLN,NL,0,0,4,0,0,0,0,7,3,1,1,0,2,0.3,3.86,0,0,0,0,10,0,2,,,1
martica04,2013,WS,SLN,NL,0,0,5,0,0,0,0,18,5,3,0,1,5,0.217,4.5,1,1,1,0,26,1,3,,,0
rosentr01,2013,WS,SLN,NL,1,0,4,0,0,0,1,14,1,0,0,1,9,0.067,0,1,0,0,1,16,4,0,,,0
siegrke01,2013,WS,SLN,NL,0,0,4,0,0,0,0,10,2,1,1,0,2,0.154,2.7,0,0,0,0,13,0,1,,,0
wachami01,2013,WS,SLN,NL,1,1,2,2,0,0,0,29,8,8,2,8,11,0.222,7.45,2,0,1,0,45,0,8,,,1
wainwad01,2013,WS,SLN,NL,0,2,2,2,0,0,0,36,14,6,0,2,14,0.286,4.5,0,0,0,0,52,0,8,,,1
brachbr01,2014,ALCS,BAL,AL,0,0,1,0,0,0,0,5,1,0,0,2,1,0.167,0,0,0,0,0,8,0,0,,,0
brittza01,2014,ALCS,BAL,AL,0,0,3,0,0,0,0,7,3,1,0,4,3,0.3,3.86,1,0,0,0,15,2,1,,,0
chenwe02,2014,ALCS,BAL,AL,0,1,1,1,0,0,0,16,7,2,0,1,4,0.154,3.38,0,0,0,0,15,2,2,,,0
gausmke01,2014,ALCS,BAL,AL,0,0,2,0,0,0,0,13,1,0,0,1,2,0.083,0,0,0,0,0,14,1,0,,,0
gonzami03,2014,ALCS,BAL,AL,0,1,1,1,0,0,0,17,4,1,0,4,4,0.2,1.59,1,1,2,0,27,0,2,,,0
hunteto02,2014,ALCS,BAL,AL,0,0,1,0,0,0,0,2,1,0,0,0,0,1,0,0,0,0,0,2,0,0,,,0
matusbr01,2014,ALCS,BAL,AL,0,0,1,0,0,0,0,2,1,1,1,0,1,0.333,13.5,0,0,0,0,3,1,1,,,0
millean01,2014,ALCS,BAL,AL,0,0,3,0,0,0,0,12,1,0,0,0,5,0.083,0,0,0,1,0,13,0,0,,,0
norribu01,2014,ALCS,BAL,AL,0,0,1,1,0,0,0,13,9,4,1,0,3,0.429,8.31,0,0,0,0,21,0,4,,,1
odayda01,2014,ALCS,BAL,AL,0,2,3,0,0,0,0,5,2,3,1,1,2,0.333,16.2,0,0,0,0,7,0,3,,,1
tillmch01,2014,ALCS,BAL,AL,0,0,1,1,0,0,0,13,7,5,1,2,3,0.35,10.38,0,0,0,0,22,0,5,,,0
daviswa01,2014,ALCS,KCA,AL,2,0,4,0,0,0,0,15,2,0,0,0,6,0.25,0,0,0,0,0,8,1,0,,,0
finnebr01,2014,ALCS,KCA,AL,0,0,2,0,0,0,0,1,3,1,0,1,0,0.118,27,0,0,0,0,17,0,1,,,0
herreke01,2014,ALCS,KCA,AL,0,0,4,0,0,0,0,17,2,0,0,1,6,0.105,0,0,0,0,0,20,0,0,,,1
hollagr01,2014,ALCS,KCA,AL,0,0,4,0,0,0,4,12,3,1,0,2,3,0.2,2.25,0,0,0,0,17,4,1,,,0
shielja02,2014,ALCS,KCA,AL,0,0,1,1,0,0,0,15,10,4,0,1,3,0.4,7.2,0,0,0,0,26,0,4,,,0
vargaja01,2014,ALCS,KCA,AL,1,0,1,1,0,0,0,16,2,1,1,3,6,0.125,1.69,0,0,0,0,19,0,1,,,2
ventuyo01,2014,ALCS,KCA,AL,0,0,1,1,0,0,0,17,5,4,1,3,3,0.238,6.35,0,0,0,0,25,0,4,,,0
colliti01,2014,ALDS1,KCA,AL,0,0,1,0,0,0,0,2,0,0,0,0,1,0.5,0,0,1,0,0,3,1,0,,,0
daviswa01,2014,ALDS1,KCA,AL,0,0,3,0,0,0,0,10,3,1,0,2,3,0,2.7,0,0,1,0,3,0,1,,,0
duffyda01,2014,ALDS1,KCA,AL,1,0,1,0,0,0,0,3,1,0,0,0,1,0.25,0,0,1,0,0,14,0,0,,,0
finnebr01,2014,ALDS1,KCA,AL,1,0,2,0,0,0,0,5,0,0,1,1,0,0.5,0,0,0,0,0,7,0,0,,,0
herreke01,2014,ALDS1,KCA,AL,0,0,2,0,0,0,0,3,0,0,0,1,1,0,0,0,0,0,0,4,0,0,,,0
hollagr01,2014,ALDS1,KCA,AL,0,0,3,0,0,0,2,9,0,0,0,0,6,0,0,0,0,0,0,10,3,0,,,0
shielja02,2014,ALDS1,KCA,AL,1,0,1,1,0,0,0,18,6,2,0,2,6,27,3,0,1,1,0,27,0,2,,,0
vargaja01,2014,ALDS1,KCA,AL,0,0,1,1,0,0,0,18,3,2,0,1,2,22,3,0,0,0,0,22,0,2,,,0
ventuyo01,2014,ALDS1,KCA,AL,0,0,1,1,0,0,0,21,5,1,0,1,5,25,1.29,0,0,0,0,25,0,1,,,1
jepseke01,2014,ALDS1,LAA,AL,0,1,3,0,0,0,0,6,4,3,1,4,1,0.4,13.5,1,0,0,0,14,0,4,,,0
morinmi01,2014,ALDS1,LAA,AL,0,0,1,0,0,0,0,3,3,2,1,0,1,0.6,18,0,1,0,0,6,0,2,,,0
pestavi01,2014,ALDS1,LAA,AL,0,0,2,0,0,0,0,3,1,0,0,0,1,0.25,0,0,0,0,0,4,1,0,,,0
rasmuco02,2014,ALDS1,LAA,AL,0,0,1,0,0,0,0,8,0,0,0,1,2,9,0,0,0,0,0,9,1,0,,,0
salasfe01,2014,ALDS1,LAA,AL,0,1,2,0,0,0,0,4,1,1,0,0,1,5,6.75,0,0,0,0,5,1,1,,,0
santihe01,2014,ALDS1,LAA,AL,0,0,1,0,0,0,0,4,1,2,1,2,0,7,13.5,0,0,0,0,7,0,2,,,0
shoemma01,2014,ALDS1,LAA,AL,0,0,1,1,0,0,0,18,5,1,1,0,6,23,1.5,0,0,0,0,23,0,1,,,0
smithjo05,2014,ALDS1,LAA,AL,0,0,2,0,0,0,0,6,0,0,0,0,2,6,0,0,0,0,0,6,0,0,,,0
streehu01,2014,ALDS1,LAA,AL,0,0,2,0,0,0,0,9,0,0,1,2,3,11,0,1,0,0,0,11,0,0,,,0
weaveje02,2014,ALDS1,LAA,AL,0,0,1,1,0,0,0,21,3,2,0,2,6,24,2.57,0,0,0,0,24,0,2,,,1
wilsocj01,2014,ALDS1,LAA,AL,0,1,1,1,0,0,0,2,3,3,0,1,1,6,40.5,0,0,0,0,6,0,3,,,0
brachbr01,2014,ALDS2,BAL,AL,1,0,1,0,0,0,0,2,0,0,0,0,0,0,0,0,0,0,0,2,0,0,,,0
brittza01,2014,ALDS2,BAL,AL,0,0,3,0,0,0,2,7,2,1,0,1,2,0.25,3.86,1,0,0,0,9,2,1,,,1
chenwe02,2014,ALDS2,BAL,AL,0,0,1,1,0,0,0,11,7,5,0,0,3,0.6,12.27,0,0,1,0,6,0,5,,,0
gausmke01,2014,ALDS2,BAL,AL,0,0,1,0,0,0,0,11,3,1,0,1,5,0.25,2.45,0,0,0,0,13,0,1,,,1
hunteto02,2014,ALDS2,BAL,AL,0,0,1,0,0,0,0,3,2,0,0,1,1,0.4,0,0,0,0,0,6,1,0,,,0
millean01,2014,ALDS2,BAL,AL,0,0,2,0,0,0,0,10,0,0,0,1,3,0,0,0,0,0,0,11,0,0,,,0
norribu01,2014,ALDS2,BAL,AL,1,0,1,1,0,0,0,19,2,0,0,2,6,0.087,0,0,1,0,0,25,0,0,,,0
odayda01,2014,ALDS2,BAL,AL,0,0,1,0,0,0,0,3,2,1,1,0,0,0.5,9,0,0,0,0,4,0,1,,,0
tillmch01,2014,ALDS2,BAL,AL,1,0,1,1,0,0,0,15,4,2,0,1,6,20,3.6,0,0,0,0,20,0,2,,,0
chambjo03,2014,ALDS2,DET,AL,0,0,2,0,0,0,0,1,3,4,0,0,0,0,108,0,0,0,0,10,2,5,,,0
cokeph01,2014,ALDS2,DET,AL,0,0,1,0,0,0,0,1,1,1,0,1,0,0.1,27,0,0,0,0,11,1,1,,,0
priceda01,2014,ALDS2,DET,AL,0,1,1,1,0,0,0,24,5,2,1,2,6,31,2.25,0,0,1,0,31,0,2,,,0
sanchan01,2014,ALDS2,DET,AL,0,0,1,0,0,0,0,6,0,0,0,0,2,6,0,0,0,0,0,6,0,0,,,0
scherma01,2014,ALDS2,DET,AL,0,1,1,1,0,0,0,22,7,5,0,1,6,29,6.14,0,0,1,0,29,0,5,,,1
soriajo01,2014,ALDS2,DET,AL,0,1,2,0,0,0,0,3,4,5,0,2,0,9,45,1,0,0,0,9,1,5,,,0
verlaju01,2014,ALDS2,DET,AL,0,0,1,1,0,0,0,15,6,3,0,1,4,22,5.4,0,0,0,0,22,0,3,,,0
daviswa01,2014,ALWC,KCA,AL,0,0,1,0,0,0,0,3,0,0,0,0,1,0,0,0,0,0,0,3,0,0,,,0
finnebr01,2014,ALWC,KCA,AL,0,0,1,0,0,0,0,7,1,1,0,1,3,0.143,3.86,0,0,0,0,9,0,1,,,0
herreke01,2014,ALWC,KCA,AL,0,0,1,0,0,0,0,5,4,1,0,0,3,0.444,5.4,0,0,0,0,9,0,1,,,0
hollagr01,2014,ALWC,KCA,AL,0,0,1,0,0,0,0,3,0,0,0,3,1,0,0,1,0,0,0,6,0,0,,,0
shielja02,2014,ALWC,KCA,AL,0,0,1,1,0,0,0,15,5,4,1,2,6,0.263,7.2,0,0,0,0,21,0,4,,,0
ventuyo01,2014,ALWC,KCA,AL,0,0,1,0,0,0,0,1,2,2,1,0,0,0.667,54,0,1,0,0,3,0,2,,,0
abadfe01,2014,ALWC,OAK,AL,0,0,1,0,0,0,0,1,0,0,0,0,0,0,0,0,0,0,0,1,0,0,,,0
doolise01,2014,ALWC,OAK,AL,0,0,1,0,0,0,0,6,2,1,0,0,0,0.4,4.5,0,0,0,0,8,0,1,,,0
gregelu01,2014,ALWC,OAK,AL,0,0,1,0,0,0,0,2,1,0,0,1,2,0.333,0,0,1,0,0,4,0,0,,,0
hammeja01,2014,ALWC,OAK,AL,0,0,1,0,0,0,0,0,1,0,0,0,0,1,,0,0,0,0,1,1,0,,,0
lestejo01,2014,ALWC,OAK,AL,0,0,1,1,0,0,0,22,8,6,0,2,5,0.286,7.36,0,0,0,0,31,0,6,,,0
oteroda01,2014,ALWC,OAK,AL,0,1,1,0,0,0,0,4,3,2,0,0,1,0.5,13.5,0,0,0,0,7,0,2,,,0
bumgama01,2014,NLCS,SFN,NL,1,0,2,2,0,0,0,47,9,3,2,3,12,0.17,1.72,0,0,1,0,59,0,3,,,0
garcija01,2014,NLCS,SFN,NL,0,0,4,0,0,0,2,11,2,0,0,2,3,0,0,0,0,0,0,3,0,0,,,0
machije01,2014,NLCS,SFN,NL,0,0,2,0,0,0,0,1,2,1,1,0,0,0.667,27,0,0,0,0,3,0,1,,,0
peavyja01,2014,NLCS,SFN,NL,0,0,1,1,0,0,0,12,4,2,1,3,2,0.267,4.5,1,0,0,0,19,0,2,,,0
petityu01,2014,NLCS,SFN,NL,1,0,1,0,0,0,0,9,1,0,0,1,4,0.111,0,0,0,0,0,10,0,0,,,1
romose01,2014,NLCS,SFN,NL,1,1,4,0,0,0,0,5,2,1,1,0,1,0.286,5.4,0,0,0,0,7,2,1,,,0
strichu01,2014,NLCS,SFN,NL,0,0,1,0,0,0,0,4,1,1,1,0,1,0.25,6.75,0,0,0,0,4,0,1,,,0
gonzama02,2014,NLCS,SLN,NL,0,1,3,0,0,0,0,9,2,3,0,1,2,0.182,9,0,0,0,0,13,0,3,,,0
lynnla01,2014,NLCS,SLN,NL,0,0,1,1,0,0,0,17,6,2,0,1,3,0.273,3.18,0,0,0,0,23,0,2,,,1
manesse01,2014,NLCS,SLN,NL,1,0,4,0,0,0,0,14,4,0,0,0,1,0.222,0,0,0,0,0,18,2,0,,,0
martica04,2014,NLCS,SLN,NL,0,0,3,0,0,0,0,8,3,0,0,3,1,0.333,0,0,0,0,0,13,0,0,,,1
millesh01,2014,NLCS,SLN,NL,0,0,1,1,0,0,0,11,6,3,0,2,3,0.4,7.36,0,0,0,0,18,0,3,,,1
neshepa01,2014,NLCS,SLN,NL,0,0,4,0,0,0,0,12,1,1,1,0,3,0.077,2.25,0,0,0,0,13,1,1,,,0
rosentr01,2014,NLCS,SLN,NL,0,0,1,0,0,0,0,2,2,1,0,2,1,0.5,13.5,0,1,0,0,6,0,1,,,0
wachami01,2014,NLCS,SLN,NL,0,1,1,0,0,0,0,1,2,3,1,1,0,0.667,81,0,0,0,0,4,1,3,,,0
wainwad01,2014,NLCS,SLN,NL,0,1,2,2,0,0,0,35,10,4,1,5,9,0.227,3.09,0,0,0,0,50,0,5,,,0
bumgama01,2014,NLDS1,SFN,NL,0,1,1,1,0,0,0,21,6,2,0,1,6,0.222,2.57,0,0,0,0,29,0,3,,,0
garcija01,2014,NLDS1,SFN,NL,0,0,3,0,0,0,2,9,0,0,0,1,2,-,0,0,0,0,0,2,0,0,,,0
machije01,2014,NLDS1,SFN,NL,0,0,2,0,0,0,0,6,1,1,1,0,1,0.143,4.5,0,0,0,0,7,0,1,,,0
peavyja01,2014,NLDS1,SFN,NL,1,0,1,1,0,0,0,17,2,0,0,3,3,0.111,0,0,0,0,0,21,0,0,,,1
petityu01,2014,NLDS1,SFN,NL,1,0,1,0,0,0,0,18,1,0,0,3,7,22,0,1,0,0,0,22,0,0,,,0
romose01,2014,NLDS1,SFN,NL,0,0,3,0,0,0,0,9,2,0,0,0,2,11,0,0,0,0,0,11,0,0,,,0
strichu01,2014,NLDS1,SFN,NL,1,0,3,0,0,0,1,9,4,3,0,1,4,14,9,0,0,0,0,14,1,3,,,0
barreaa01,2014,NLDS1,WAS,NL,0,0,2,0,0,0,0,1,1,0,0,2,0,1,0,1,1,0,0,3,0,0,,,0
blevije01,2014,NLDS1,WAS,NL,0,0,3,0,0,0,0,10,0,0,0,0,2,0,0,0,0,0,0,10,0,0,,,0
clippty01,2014,NLDS1,WAS,NL,0,0,3,0,0,0,0,9,1,0,1,1,2,1,0,0,0,0,0,1,0,0,,,0
fistedo01,2014,NLDS1,WAS,NL,1,0,1,1,0,0,0,21,4,0,0,3,3,0,0,0,0,0,0,5,0,0,,,1
gonzagi01,2014,NLDS1,WAS,NL,0,0,1,1,0,0,0,12,4,0,0,1,1,0.2,0,0,0,0,0,11,0,2,,,1
roarkta01,2014,NLDS1,WAS,NL,0,1,2,0,0,0,0,8,3,1,0,0,3,12,3.38,0,0,0,0,12,1,1,,,0
stammcr01,2014,NLDS1,WAS,NL,0,0,2,0,0,0,0,12,3,1,0,0,2,13,2.25,0,0,0,0,13,0,1,,,0
storedr01,2014,NLDS1,WAS,NL,0,0,2,0,0,0,0,4,4,1,0,0,1,7,6.75,0,0,0,0,7,1,1,,,0
strasst01,2014,NLDS1,WAS,NL,0,1,1,1,0,0,0,15,8,1,1,1,2,25,1.8,0,0,1,0,25,0,2,,,1
zimmejo02,2014,NLDS1,WAS,NL,0,0,1,1,0,0,0,26,3,1,0,1,6,29,1.04,0,0,0,0,29,0,1,,,0
baezpe01,2014,NLDS2,LAN,NL,0,0,2,0,0,0,0,7,1,2,1,1,2,0.125,7.71,0,0,1,0,10,0,2,,,0
elbersc01,2014,NLDS2,LAN,NL,0,1,2,0,0,0,0,4,3,2,0,0,2,0.25,13.5,0,0,0,0,4,0,2,,,0
greinza01,2014,NLDS2,LAN,NL,0,0,1,1,0,0,0,21,2,0,0,2,7,0.087,0,0,1,1,0,26,0,0,,,0
howeljp01,2014,NLDS2,LAN,NL,0,0,3,0,0,0,0,4,5,2,1,0,0,0.714,13.5,0,0,0,0,8,1,2,,,1
janseke01,2014,NLDS2,LAN,NL,0,0,1,0,0,0,1,3,0,0,0,0,2,0,0,0,0,0,0,3,1,0,,,0
kershcl01,2014,NLDS2,LAN,NL,0,2,2,2,0,0,0,38,12,11,3,2,19,0.245,7.82,0,1,0,0,51,0,11,,,1
leagubr01,2014,NLDS2,LAN,NL,1,0,4,0,0,0,0,6,1,0,0,1,0,0.167,0,1,0,0,0,7,2,0,,,1
ryuhy01,2014,NLDS2,LAN,NL,0,0,1,1,0,0,0,18,5,1,0,1,4,23,1.5,0,0,0,0,23,0,1,,,1
wilsobr01,2014,NLDS2,LAN,NL,0,0,1,0,0,0,0,1,1,0,0,1,1,3,0,1,0,0,0,3,0,0,,,0
freemsa01,2014,NLDS2,SLN,NL,0,0,1,0,0,0,0,0,0,0,0,2,0,0,,0,0,0,0,5,0,0,,,0
gonzama02,2014,NLDS2,SLN,NL,2,0,3,0,0,0,0,9,2,0,0,1,2,0.235,0,0,0,0,0,18,0,0,,,0
lynnla01,2014,NLDS2,SLN,NL,0,0,1,1,0,0,0,18,7,2,0,2,8,0.28,3,1,0,0,0,27,0,2,,,0
manesse01,2014,NLDS2,SLN,NL,0,0,2,0,0,0,0,3,1,0,0,0,1,0.333,0,0,0,0,0,3,0,0,,,0
martica04,2014,NLDS2,SLN,NL,0,0,1,0,0,0,0,4,0,1,0,1,1,0,6.75,0,0,0,0,5,0,1,,,0
millesh01,2014,NLDS2,SLN,NL,0,0,1,1,0,0,0,17,5,2,0,3,4,0.263,3.18,0,0,1,0,24,0,2,,,2
neshepa01,2014,NLDS2,SLN,NL,0,1,4,0,0,0,0,11,2,1,1,0,3,0.143,2.45,0,0,0,0,14,1,1,,,0
rosentr01,2014,NLDS2,SLN,NL,0,0,3,0,0,0,3,9,5,1,0,1,4,15,3,0,0,0,0,15,3,1,,,0
wainwad01,2014,NLDS2,SLN,NL,0,0,1,1,0,0,0,13,11,6,1,1,5,26,12.46,0,1,1,0,26,0,6,,,0
holdzjo01,2014,NLWC,PIT,NL,0,0,1,0,0,0,0,3,2,1,0,1,1,0.4,9,0,0,0,0,6,0,1,,,0
hugheja02,2014,NLWC,PIT,NL,0,0,1,0,0,0,0,3,3,2,0,1,1,0.5,18,0,0,0,0,7,0,2,,,0
lafrobo01,2014,NLWC,PIT,NL,0,0,1,0,0,0,0,2,0,0,0,0,0,0,0,0,0,0,0,1,0,0,,,1
melanma01,2014,NLWC,PIT,NL,0,0,1,0,0,0,0,3,0,0,0,0,1,0,0,0,0,0,0,3,1,0,,,0
volqued01,2014,NLWC,PIT,NL,0,1,1,1,0,0,0,15,5,5,1,3,3,0.25,9,0,0,0,0,23,0,5,,,0
wilsoju10,2014,NLWC,PIT,NL,0,0,1,0,0,0,0,1,1,0,0,1,1,0.5,0,0,1,0,0,3,0,0,,,0
bumgama01,2014,NLWC,SFN,NL,1,0,1,1,1,1,0,27,4,0,0,1,10,0.125,0,0,0,0,0,33,0,0,,,0
colliti01,2014,WS,KCA,AL,0,0,3,0,0,0,0,15,6,2,0,2,6,0,3.6,0,0,0,0,2,2,2,,,0
daviswa01,2014,WS,KCA,AL,0,0,4,0,0,0,0,15,3,0,0,0,10,0.286,0,0,1,0,0,23,2,1,,,0
duffyda01,2014,WS,KCA,AL,0,0,2,0,0,0,0,11,2,2,0,4,4,0.167,4.91,0,0,0,0,18,1,2,,,0
finnebr01,2014,WS,KCA,AL,0,1,2,0,0,0,0,5,5,5,0,2,1,0.182,27,0,0,0,0,17,0,5,,,0
herreke01,2014,WS,KCA,AL,1,0,4,0,0,0,0,20,5,2,0,5,6,0.217,2.7,0,0,0,0,28,0,2,,,2
hollagr01,2014,WS,KCA,AL,0,0,3,0,0,0,1,9,1,0,0,0,5,0.1,0,0,0,0,0,10,3,0,,,0
shielja02,2014,WS,KCA,AL,0,2,2,2,0,0,0,27,15,7,1,2,5,0.366,7,0,2,0,0,43,0,7,,,0
vargaja01,2014,WS,KCA,AL,0,0,1,1,0,0,0,12,6,3,0,2,3,0.333,6.75,0,1,0,0,20,0,3,,,0
ventuyo01,2014,WS,KCA,AL,1,0,2,2,0,0,0,37,11,2,1,5,6,0.239,1.46,0,0,0,0,51,0,2,,,1
bumgama01,2014,WS,SFN,NL,2,0,3,2,1,1,1,63,9,1,1,1,17,0.127,0.43,0,0,1,0,74,1,1,,,1
garcija01,2014,WS,SFN,NL,0,0,2,0,0,0,0,2,0,0,0,0,2,0.364,0,0,0,0,0,12,1,0,,,0
linceti01,2014,WS,SFN,NL,0,0,1,0,0,0,0,5,0,0,0,0,2,0,0,0,0,0,0,5,0,0,,,0
machije01,2014,WS,SFN,NL,0,0,3,0,0,0,0,10,6,3,0,2,3,0.375,8.1,0,0,0,0,18,0,3,,,0
peavyja01,2014,WS,SFN,NL,0,2,2,2,0,0,0,19,12,9,0,3,3,0.4,12.79,0,0,0,0,33,0,9,,,0
petityu01,2014,WS,SFN,NL,1,0,2,0,0,0,0,11,5,2,0,0,2,0.333,4.91,0,1,0,0,15,0,2,,,1
romose01,2014,WS,SFN,NL,0,0,2,0,0,0,0,7,2,0,0,0,4,0.222,0,0,0,0,0,9,0,0,,,0
strichu01,2014,WS,SFN,NL,0,0,4,0,0,0,0,12,4,3,2,1,3,0.267,6.75,0,1,0,0,16,2,3,,,1
anderbr04,2015,NLDS2,LAN,NL,0,1,1,1,0,0,0,9,7,6,1,0,3,0.438,18.0,0,0,0,0,16,0,6,0,0,0
arrieja01,2015,NLDS1,CHN,NL,1,0,1,1,0,0,0,17,5,4,1,2,9,0.227,6.35,0,0,1,0,25,0,4,0,0,0
arrieja01,2015,NLWC,CHN,NL,1,0,1,1,1,1,0,27,5,0,0,0,11,0.167,0.0,0,0,2,0,32,0,0,0,0,2
arrieja01,2015,NLCS,CHN,NL,0,1,1,1,0,0,0,15,4,4,1,2,8,0.211,7.2,1,0,0,0,21,0,4,0,0,0
avilalu01,2015,NLDS2,LAN,NL,0,0,2,0,0,0,0,4,0,0,0,0,2,0.0,0.0,0,0,0,0,4,1,0,0,0,0
baezpe01,2015,NLDS2,LAN,NL,0,0,2,0,0,0,0,1,2,3,0,2,1,0.667,81.0,0,0,0,0,5,0,3,0,0,0
bastaan01,2015,NLWC,PIT,NL,0,0,1,0,0,0,0,3,0,0,0,0,2,0.0,0.0,0,0,0,0,3,0,0,0,0,0
betande01,2015,ALWC,NYA,AL,0,0,1,0,0,0,0,5,1,1,0,1,4,0.167,5.4,0,0,0,0,7,0,1,0,0,0
broxtjo01,2015,NLDS1,SLN,NL,0,0,3,0,0,0,0,7,2,1,1,2,3,0.25,3.86,0,0,0,0,10,2,1,0,0,0
cahiltr01,2015,NLDS1,CHN,NL,1,0,3,0,0,0,0,8,4,1,0,0,6,0.333,3.38,0,0,0,0,12,0,1,0,0,0
cahiltr01,2015,NLCS,CHN,NL,0,1,3,0,0,0,0,8,3,1,0,0,2,0.273,3.38,0,1,0,0,12,1,1,1,0,0
cecilbr01,2015,ALDS2,TOR,AL,0,0,2,0,0,0,0,6,1,0,0,1,2,0.2,0.0,0,0,0,0,7,0,0,1,0,0
clippty01,2015,NLDS2,NYN,NL,0,0,2,0,0,0,0,5,2,1,0,0,0,0.286,5.4,0,0,0,0,7,0,1,0,0,0
clippty01,2015,NLCS,NYN,NL,0,0,3,0,0,0,0,9,4,2,1,0,2,0.308,6.0,0,0,0,0,13,0,2,0,0,0
clippty01,2015,WS,NYN,NL,0,1,3,0,0,0,0,6,1,2,0,3,2,0.143,9.0,0,1,0,0,10,0,2,0,0,0
colege01,2015,NLWC,PIT,NL,0,1,1,1,0,0,0,15,6,4,2,1,4,0.3,7.2,0,0,0,0,21,0,4,0,0,1
cuetojo01,2015,ALDS1,KCA,AL,1,0,2,2,0,0,0,42,9,6,2,3,13,0.18,3.86,0,0,0,0,53,0,6,0,0,1
cuetojo01,2015,ALCS,KCA,AL,0,1,1,1,0,0,0,6,6,8,1,4,2,0.5,36.0,0,0,1,0,17,0,8,0,0,0
cuetojo01,2015,WS,KCA,AL,1,0,1,1,1,0,0,27,2,1,0,3,4,0.071,1.0,0,0,0,0,31,0,1,0,0,1
daviswa01,2015,ALDS1,KCA,AL,0,0,3,0,0,0,2,12,1,0,0,1,5,0.083,0.0,0,0,0,0,13,3,0,0,0,0
daviswa01,2015,ALCS,KCA,AL,1,0,2,0,0,0,1,8,2,0,0,2,5,0.2,0.0,0,1,0,0,12,2,0,0,0,0
daviswa01,2015,WS,KCA,AL,0,0,3,0,0,0,1,12,3,0,0,0,8,0.214,0.0,0,0,0,0,14,2,0,0,0,0
degroja01,2015,NLDS2,NYN,NL,2,0,2,2,0,0,0,39,11,2,0,4,20,0.229,1.38,1,0,0,0,54,0,2,2,0,1
degroja01,2015,NLCS,NYN,NL,1,0,1,1,0,0,0,21,4,2,2,1,7,0.16,2.57,0,0,0,0,26,0,2,0,0,0
degroja01,2015,WS,NYN,NL,0,1,1,1,0,0,0,15,6,4,0,3,2,0.273,7.2,0,0,0,0,25,0,4,0,0,0
diekmja01,2015,ALDS2,TEX,AL,0,0,4,0,0,0,0,18,2,1,0,0,5,0.105,1.5,0,0,0,0,19,1,1,0,0,0
duffyda01,2015,ALDS1,KCA,AL,0,0,1,0,0,0,0,2,1,1,1,0,0,0.333,13.5,0,0,0,0,3,0,1,0,0,0
duffyda01,2015,ALCS,KCA,AL,1,0,2,0,0,0,0,9,4,2,0,0,6,0.333,6.0,0,0,0,0,12,1,2,0,0,0
duffyda01,2015,WS,KCA,AL,0,0,3,0,0,0,0,7,2,1,1,0,3,0.25,3.86,0,0,0,0,8,0,1,0,0,0
dysonsa01,2015,ALDS2,TEX,AL,0,0,4,0,0,0,1,11,6,1,1,1,2,0.353,2.45,1,0,0,0,18,1,1,0,0,0
estrama01,2015,ALDS2,TOR,AL,1,0,1,1,0,0,0,19,5,1,0,0,4,0.208,1.42,0,0,0,0,24,0,1,0,0,0
estrama01,2015,ALCS,TOR,AL,1,1,2,2,0,0,0,39,9,4,2,1,11,0.188,2.77,0,0,0,0,49,0,4,0,0,1
familje01,2015,NLDS2,NYN,NL,0,0,4,0,0,0,2,16,0,0,0,0,3,0.0,0.0,0,0,0,0,16,4,0,0,0,0
familje01,2015,NLCS,NYN,NL,0,0,4,0,0,0,3,13,2,0,0,2,3,0.133,0.0,0,0,0,0,17,4,0,0,0,0
familje01,2015,WS,NYN,NL,0,0,4,0,0,0,0,15,3,1,1,0,3,0.167,1.8,0,0,0,0,18,1,2,0,0,1
fieldjo03,2015,ALDS1,HOU,AL,0,0,2,0,0,0,0,5,1,2,1,2,4,0.167,10.8,0,0,0,0,8,1,2,0,0,0
fiersmi01,2015,ALDS1,HOU,AL,0,0,1,0,0,0,0,3,1,1,0,0,0,0.5,9.0,0,0,0,0,4,0,1,1,1,0
gallayo01,2015,ALDS2,TEX,AL,1,0,1,1,0,0,0,15,4,2,0,1,1,0.211,3.6,0,0,0,0,20,0,2,0,0,0
garcija02,2015,NLDS1,SLN,NL,0,1,1,1,0,0,0,6,4,0,1,1,2,0.444,0.0,0,0,0,0,12,0,5,2,0,0
garciyi01,2015,NLDS2,LAN,NL,0,0,1,0,0,0,0,3,0,0,0,1,3,0.0,0.0,0,0,0,0,4,0,0,0,0,0
gilmase01,2015,WS,NYN,NL,0,0,1,0,0,0,0,2,0,0,0,0,0,0.0,0.0,0,0,0,0,2,1,0,0,0,0
goedder01,2015,NLDS2,NYN,NL,0,0,1,0,0,0,0,0,4,3,1,0,0,1.0,inf,0,0,0,0,4,0,3,0,0,0
gonzach01,2015,ALDS2,TEX,AL,0,0,1,0,0,0,0,5,2,1,1,2,0,0.333,5.4,0,0,0,0,8,0,1,0,0,1
gregelu01,2015,ALDS1,HOU,AL,0,0,3,0,0,0,2,9,2,1,1,2,4,0.182,3.0,0,0,1,0,14,2,1,0,0,0
gregelu01,2015,ALWC,HOU,AL,0,0,1,0,0,0,1,3,0,0,0,0,2,0.0,0.0,0,0,0,0,3,1,0,0,0,0
greinza01,2015,NLDS2,LAN,NL,1,1,2,2,0,0,0,41,11,5,3,1,17,0.229,3.29,0,0,0,0,50,0,5,0,1,2
grimmju01,2015,NLDS1,CHN,NL,0,0,1,0,0,0,0,3,0,0,0,0,3,0.0,0.0,0,0,0,0,4,0,0,0,0,0
grimmju01,2015,NLCS,CHN,NL,0,0,2,0,0,0,0,3,1,0,0,0,1,0.25,0.0,0,0,0,0,4,0,0,0,0,0
hamelco01,2015,ALDS2,TEX,AL,0,1,2,2,0,0,0,40,10,4,2,2,14,0.192,2.7,1,0,0,0,55,0,9,1,0,1
hammeja01,2015,NLDS1,CHN,NL,0,0,1,1,0,0,0,9,3,2,1,3,2,0.273,6.0,0,0,0,0,14,0,2,0,0,0
hammeja01,2015,NLCS,CHN,NL,0,1,1,1,0,0,0,4,4,5,2,2,1,0.5,33.75,0,0,1,0,11,0,5,0,0,0
harriwi02,2015,ALDS1,HOU,AL,0,1,3,0,0,0,0,6,8,4,0,0,2,0.615,18.0,0,0,0,0,13,0,5,0,0,0
harriwi02,2015,ALWC,HOU,AL,0,0,1,0,0,0,0,3,0,0,0,0,0,0.0,0.0,0,0,0,0,3,0,0,0,0,0
harvema01,2015,NLDS2,NYN,NL,1,0,1,1,0,0,0,15,7,2,0,2,7,0.318,3.6,0,0,0,0,24,0,3,0,0,0
harvema01,2015,NLCS,NYN,NL,1,0,1,1,0,0,0,23,4,2,1,2,9,0.154,2.35,1,0,1,0,29,0,2,0,0,0
harvema01,2015,WS,NYN,NL,0,0,2,2,0,0,0,42,10,5,1,4,11,0.196,3.21,0,0,0,0,56,0,5,0,1,1
hatchch02,2015,NLDS2,LAN,NL,0,0,4,0,0,0,0,11,0,0,0,1,5,0.0,0.0,0,0,0,0,12,1,0,0,0,0
hendrky01,2015,NLDS1,CHN,NL,0,0,1,1,0,0,0,14,4,3,3,0,7,0.222,5.79,0,0,0,0,18,0,3,0,0,0
hendrky01,2015,NLCS,CHN,NL,0,0,1,1,0,0,0,12,5,2,1,1,4,0.312,4.5,0,0,0,0,17,0,2,0,0,1
hendrli01,2015,ALDS2,TOR,AL,0,0,1,0,0,0,0,1,1,0,0,0,0,0.5,0.0,0,0,0,0,2,1,0,0,0,0
hendrli01,2015,ALCS,TOR,AL,0,0,2,0,0,0,0,14,4,3,0,0,2,0.267,5.79,0,0,0,0,16,0,3,0,1,0
herreke01,2015,ALDS1,KCA,AL,1,0,3,0,0,0,0,9,2,1,0,2,6,0.182,3.0,0,0,0,0,13,0,1,0,0,0
herreke01,2015,ALCS,KCA,AL,0,0,5,0,0,0,0,17,3,0,0,0,10,0.15,0.0,0,0,0,0,20,0,0,0,0,0
herreke01,2015,WS,KCA,AL,0,0,3,0,0,0,0,15,5,0,0,1,6,0.263,0.0,0,0,0,0,21,0,1,0,1,1
hochelu01,2015,ALDS1,KCA,AL,0,0,2,0,0,0,0,8,3,0,0,0,2,0.273,0.0,0,0,0,0,11,2,0,0,0,0
hochelu01,2015,ALCS,KCA,AL,1,0,3,0,0,0,0,9,1,0,0,0,0,0.1,0.0,0,0,0,0,10,1,0,0,0,1
hochelu01,2015,WS,KCA,AL,1,0,4,0,0,0,0,15,2,0,0,1,2,0.125,0.0,0,0,0,0,17,0,0,0,0,0
hollade01,2015,ALDS2,TEX,AL,0,1,1,1,0,0,0,6,5,6,3,1,0,0.455,27.0,0,0,0,0,12,0,6,0,0,0
howeljp01,2015,NLDS2,LAN,NL,0,0,1,0,0,0,0,3,1,0,0,0,0,0.333,0.0,0,0,0,0,4,0,0,0,1,0
janseke01,2015,NLDS2,LAN,NL,0,0,3,0,0,0,2,10,1,0,0,3,4,0.091,0.0,1,0,0,0,14,3,0,0,0,0
kazmisc01,2015,ALDS1,HOU,AL,0,0,1,1,0,0,0,16,5,3,1,1,4,0.25,5.06,0,0,0,0,21,0,3,0,0,1
kelake01,2015,ALDS2,TEX,AL,1,0,3,0,0,0,0,9,1,1,1,2,2,0.111,3.0,0,0,0,0,11,1,1,0,0,1
kershcl01,2015,NLDS2,LAN,NL,1,1,2,2,0,0,0,41,7,4,2,5,19,0.149,2.63,0,0,0,0,53,0,4,1,0,0
keuchda01,2015,ALDS1,HOU,AL,1,0,2,1,0,0,0,24,7,4,2,4,7,0.226,4.5,2,1,0,0,36,1,4,1,0,0
keuchda01,2015,ALWC,HOU,AL,1,0,1,1,0,0,0,18,3,0,0,1,7,0.143,0.0,0,0,0,0,22,0,0,0,0,0
lestejo01,2015,NLDS1,CHN,NL,0,1,1,1,0,0,0,22,5,3,1,1,9,0.185,3.68,0,2,0,0,28,0,3,0,0,0
lestejo01,2015,NLCS,CHN,NL,0,1,1,1,0,0,0,20,8,4,2,1,5,0.32,5.4,0,0,0,0,28,0,4,1,1,1
loupaa01,2015,ALDS2,TOR,AL,0,0,2,0,0,0,0,3,0,0,0,0,0,0.0,0.0,0,0,0,0,3,0,0,0,0,0
loupaa01,2015,ALCS,TOR,AL,0,0,2,0,0,0,0,3,1,1,0,2,0,0.5,9.0,0,0,0,0,4,0,1,0,0,1
lowema01,2015,ALDS2,TOR,AL,0,0,2,0,0,0,0,3,0,0,0,2,2,0.0,0.0,0,0,0,0,5,0,0,0,0,0
lowema01,2015,ALCS,TOR,AL,0,0,4,0,0,0,0,10,1,2,0,0,4,0.091,5.4,0,0,1,0,12,1,2,0,0,0
lynnla01,2015,NLDS1,SLN,NL,0,0,1,0,0,0,0,3,1,1,0,1,2,0.25,9.0,0,0,0,0,5,0,1,0,0,0
madsory01,2015,ALDS1,KCA,AL,1,0,3,0,0,0,0,9,6,3,3,0,7,0.4,9.0,0,0,0,0,15,0,3,0,0,0
madsory01,2015,ALCS,KCA,AL,0,0,3,0,0,0,0,7,4,2,1,2,3,0.364,7.71,0,0,0,0,13,0,2,0,0,0
madsory01,2015,WS,KCA,AL,1,0,3,0,0,0,0,9,2,0,0,1,5,0.2,0.0,0,0,0,0,12,0,0,1,0,0
manesse01,2015,NLDS1,SLN,NL,0,0,2,0,0,0,0,5,2,1,0,1,1,0.333,5.4,0,0,0,0,8,0,1,1,0,0
matzst01,2015,NLDS2,NYN,NL,0,1,1,1,0,0,0,15,6,3,0,2,4,0.286,5.4,1,0,0,0,23,0,3,0,0,0
matzst01,2015,NLCS,NYN,NL,0,0,1,1,0,0,0,14,4,1,0,2,4,0.222,1.93,0,0,0,0,20,0,1,0,0,0
matzst01,2015,WS,NYN,NL,0,0,1,1,0,0,0,15,7,2,0,0,5,0.333,3.6,0,0,0,0,21,0,2,0,0,0
mcculla02,2015,ALDS1,HOU,AL,0,0,1,1,0,0,0,19,2,2,1,2,7,0.095,2.84,0,0,2,0,25,0,2,0,0,0
mchugco01,2015,ALDS1,HOU,AL,1,1,2,2,0,0,0,30,9,5,2,2,2,0.243,4.5,0,0,1,0,40,0,5,0,0,2
medlekr01,2015,ALCS,KCA,AL,0,0,1,0,0,0,0,15,3,2,2,1,6,0.176,3.6,0,0,0,0,18,0,2,0,0,1
medlekr01,2015,WS,KCA,AL,0,0,1,0,0,0,0,3,0,0,0,0,2,0.0,0.0,0,0,0,0,3,1,0,0,0,0
melanma01,2015,NLWC,PIT,NL,0,0,1,0,0,0,0,3,1,0,0,0,0,0.333,0.0,0,0,0,0,3,1,0,0,0,0
millean01,2015,ALWC,NYA,AL,0,0,1,0,0,0,0,3,0,0,0,0,2,0.0,0.0,0,0,0,0,3,1,0,0,0,0
moralfr01,2015,ALCS,KCA,AL,0,0,2,0,0,0,0,6,3,1,0,1,2,0.333,4.5,0,0,0,0,10,2,1,0,0,0
moralfr01,2015,WS,KCA,AL,0,0,1,0,0,0,0,1,2,4,0,0,0,0.5,108.0,0,0,1,0,5,0,4,0,0,0
neshepa01,2015,ALDS1,HOU,AL,0,0,2,0,0,0,0,3,2,0,0,0,2,0.4,0.0,0,0,0,0,5,1,0,0,0,0
niesejo01,2015,NLDS2,NYN,NL,0,0,1,0,0,0,0,1,0,0,0,0,1,0.0,0.0,0,0,0,0,1,0,0,0,0,0
niesejo01,2015,NLCS,NYN,NL,0,0,1,0,0,0,0,1,0,0,0,0,1,0.0,0.0,0,0,0,0,1,0,0,0,0,0
niesejo01,2015,WS,NYN,NL,0,0,4,0,0,0,0,14,5,3,0,1,4,0.263,5.79,0,0,0,0,20,0,3,0,0,0
ohlenro01,2015,ALDS2,TEX,AL,0,0,3,0,0,0,1,10,2,0,0,0,5,0.167,0.0,0,0,1,0,13,1,0,0,0,0
osunaro01,2015,ALDS2,TOR,AL,0,0,4,0,0,0,1,17,0,0,0,0,6,0.0,0.0,0,0,0,0,17,3,0,0,0,0
osunaro01,2015,ALCS,TOR,AL,0,1,3,0,0,0,0,8,3,2,1,1,0,0.3,6.75,0,0,0,0,11,3,2,0,0,1
pennicl01,2015,ALCS,TOR,AL,0,0,1,0,0,0,0,1,2,0,0,0,0,0.667,0.0,0,0,0,0,3,1,0,0,0,0
perezma02,2015,ALDS2,TEX,AL,0,1,1,1,0,0,0,15,6,4,0,3,2,0.353,7.2,1,0,0,0,21,0,4,1,0,2
perezol01,2015,ALDS1,HOU,AL,0,0,2,0,0,0,0,1,2,1,0,1,0,0.667,27.0,0,0,0,0,4,0,1,0,0,0
priceda01,2015,ALDS2,TOR,AL,1,1,2,1,0,0,0,30,11,8,2,2,7,0.282,7.2,0,0,2,0,43,0,8,0,0,2
priceda01,2015,ALCS,TOR,AL,0,1,2,2,0,0,0,40,11,8,2,1,16,0.216,5.4,0,0,0,0,52,0,8,0,0,0
reedad01,2015,NLDS2,NYN,NL,0,0,2,0,0,0,0,4,2,1,0,0,1,0.333,6.75,0,0,0,0,6,0,1,0,0,0
reedad01,2015,NLCS,NYN,NL,0,0,2,0,0,0,0,6,0,0,0,0,1,0.0,0.0,0,0,0,0,6,0,0,0,0,0
reedad01,2015,WS,NYN,NL,0,1,5,0,0,0,0,11,4,4,0,1,1,0.267,9.82,1,0,0,0,17,0,5,0,1,0
richacl01,2015,NLDS1,CHN,NL,0,0,2,0,0,0,0,2,0,0,0,0,1,0.0,0.0,0,0,0,0,2,0,0,0,0,0
richacl01,2015,NLCS,CHN,NL,0,0,4,0,0,0,0,12,3,0,0,1,2,0.214,0.0,0,0,0,0,15,0,0,0,0,1
robleha01,2015,NLDS2,NYN,NL,0,0,1,0,0,0,0,3,0,0,0,0,2,0.0,0.0,0,0,0,0,3,1,0,0,0,0
robleha01,2015,WS,NYN,NL,0,0,2,0,0,0,0,6,0,0,0,0,2,0.0,0.0,0,0,0,0,6,1,0,0,0,0
rondohe01,2015,NLDS1,CHN,NL,0,0,3,0,0,0,2,9,4,2,1,0,2,0.308,6.0,0,0,0,0,13,3,2,0,0,0
rondohe01,2015,NLCS,CHN,NL,0,0,2,0,0,0,0,6,1,0,0,1,2,0.143,0.0,0,0,0,0,8,2,0,0,0,0
rosentr01,2015,NLDS1,SLN,NL,0,0,2,0,0,0,0,6,2,0,0,3,4,0.25,0.0,1,0,0,0,11,2,0,0,0,0
sanchaa01,2015,ALDS2,TOR,AL,1,0,5,0,0,0,0,16,3,0,0,1,6,0.167,0.0,0,0,0,0,20,1,1,1,0,0
sanchaa01,2015,ALCS,TOR,AL,0,0,4,0,0,0,0,6,4,0,0,1,0,0.4,0.0,0,0,0,0,11,0,0,0,0,0
siegrke01,2015,NLDS1,SLN,NL,0,1,3,0,0,0,0,9,4,3,3,1,5,0.308,9.0,0,0,0,0,14,0,3,0,0,0
sippto01,2015,ALDS1,HOU,AL,0,1,5,0,0,0,0,13,1,0,0,1,4,0.067,0.0,0,0,0,0,16,0,1,0,0,0
sippto01,2015,ALWC,HOU,AL,0,0,1,0,0,0,0,3,0,0,0,1,1,0.0,0.0,0,0,0,0,4,0,0,0,0,0
soriajo01,2015,NLWC,PIT,NL,0,0,1,0,0,0,0,3,0,0,0,1,3,0.0,0.0,0,0,0,0,4,0,0,0,0,0
stromma01,2015,ALDS2,TOR,AL,0,0,2,2,0,0,0,39,11,5,1,3,9,0.224,3.46,0,0,0,0,53,0,6,0,1,0
stromma01,2015,ALCS,TOR,AL,1,0,1,1,0,0,0,19,11,4,0,1,1,0.367,5.68,0,1,0,0,31,0,4,0,0,0
stroppe01,2015,NLDS1,CHN,NL,0,0,3,0,0,0,0,8,1,1,1,0,4,0.111,3.38,0,0,0,0,9,1,1,0,0,0
stroppe01,2015,NLCS,CHN,NL,0,0,3,0,0,0,0,7,1,0,0,1,2,0.143,0.0,0,0,1,0,10,1,0,1,0,0
syndeno01,2015,NLDS2,NYN,NL,0,1,2,1,0,0,0,22,5,3,0,5,11,0.192,3.68,1,0,0,0,31,0,3,0,0,1
syndeno01,2015,NLCS,NYN,NL,1,0,1,1,0,0,0,17,3,1,0,1,9,0.15,1.59,0,1,0,0,21,0,1,0,0,0
syndeno01,2015,WS,NYN,NL,1,0,1,1,0,0,0,18,7,3,0,2,6,0.304,4.5,0,0,0,0,26,0,3,1,0,0
tanakma01,2015,ALWC,NYA,AL,0,1,1,1,0,0,0,15,4,2,2,3,3,0.222,3.6,0,0,0,0,21,0,2,0,0,1
teperry01,2015,ALCS,TOR,AL,0,0,1,0,0,0,0,5,5,4,0,2,0,0.714,21.6,0,1,0,0,12,0,4,0,3,0
tollesh01,2015,ALDS2,TEX,AL,0,0,2,0,0,0,0,9,1,0,0,0,3,0.1,0.0,0,0,0,0,10,1,0,0,0,0
ventuyo01,2015,ALDS1,KCA,AL,0,1,2,2,0,0,0,21,8,6,2,4,10,0.276,7.71,1,0,1,0,34,0,6,0,0,0
ventuyo01,2015,ALCS,KCA,AL,0,0,2,2,0,0,0,32,12,4,1,4,11,0.279,3.38,0,0,0,0,47,0,4,0,0,0
ventuyo01,2015,WS,KCA,AL,0,1,1,1,0,0,0,10,7,5,2,0,1,0.412,13.5,0,0,0,0,17,0,5,0,0,0
villaca01,2015,NLDS1,SLN,NL,0,0,1,0,0,0,0,6,0,0,0,1,0,0.0,0.0,0,0,0,0,7,0,0,0,0,0
volqued01,2015,ALDS1,KCA,AL,0,1,1,1,0,0,0,17,5,3,0,4,8,0.25,4.76,1,0,0,0,24,0,3,0,0,1
volqued01,2015,ALCS,KCA,AL,1,1,2,2,0,0,0,33,5,5,1,8,7,0.139,4.09,0,0,1,0,46,0,5,1,0,1
volqued01,2015,WS,KCA,AL,0,0,2,2,0,0,0,36,8,4,2,6,8,0.195,3.0,1,0,1,0,50,0,5,0,2,2
wachami01,2015,NLDS1,SLN,NL,0,1,1,1,0,0,0,13,6,4,3,3,5,0.333,8.31,1,0,0,0,21,0,4,0,0,0
wainwad01,2015,NLDS1,SLN,NL,0,0,3,0,0,0,0,16,3,1,1,0,6,0.167,1.69,0,0,0,0,18,0,1,0,0,0
watsoto01,2015,NLWC,PIT,NL,0,0,1,0,0,0,0,3,0,0,0,0,1,0.0,0.0,0,0,1,0,4,0,0,0,0,0
wilsoju10,2015,ALWC,NYA,AL,0,0,1,0,0,0,0,4,0,0,0,1,0,0.0,0.0,0,0,0,0,4,0,0,0,0,1
woodal02,2015,NLDS2,LAN,NL,0,0,1,0,0,0,0,6,4,4,1,2,2,0.4,18.0,1,0,0,0,12,0,4,0,0,0
woodtr01,2015,NLDS1,CHN,NL,1,0,3,0,0,0,0,11,2,1,0,0,4,0.154,2.45,0,0,0,0,13,0,1,0,0,0
woodtr01,2015,NLCS,CHN,NL,0,0,3,0,0,0,0,12,4,3,0,1,8,0.267,6.75,0,0,0,0,16,0,3,0,0,0
